cohort,year,valid_n,exposure_n,outcome_n,both_n,neither_n,exposure_only_n,outcome_only_n,exposure_share,outcome_share,p_exposed,p_unexposed,risk_difference,joint_share,independence_product,excess_joint_share,lift
primary,2024,1681,831,433,283,700,548,150,0.4943486020226056,0.2575847709696609,0.3405535499398315,0.17647058823529413,0.16408296170453737,0.1683521713265913,0.12733667143116492,0.04101549989542638,1.3221028116601772
primary,2025,3282,1741,1166,764,1139,977,402,0.5304692260816575,0.3552711761121268,0.43882825962090755,0.2608695652173913,0.17795869440351625,0.2327848872638635,0.18846042584132014,0.04432446142254337,1.2351924082983006
primary,2026,5734,2942,2309,1450,1933,1492,859,0.5130798744332055,0.40268573421695153,0.4928619986403807,0.3076647564469914,0.1851972421933893,0.25287757237530517,0.20660994594807663,0.046267626427228536,1.223937072414007
same_year_version,2024,1315,645,337,218,551,427,119,0.49049429657794674,0.25627376425855514,0.33798449612403103,0.17761194029850746,0.16037255582552357,0.16577946768060836,0.12570081973138256,0.040078647949225804,1.3188415798311595
same_year_version,2025,2727,1462,962,636,939,826,326,0.5361202786945362,0.3527686101943528,0.43502051983584133,0.25770750988142294,0.1773130099544184,0.23322332233223322,0.18912640561208058,0.044096916720152646,1.2331610785783154
same_year_version,2026,5734,2942,2309,1450,1933,1492,859,0.5130798744332055,0.40268573421695153,0.4928619986403807,0.3076647564469914,0.1851972421933893,0.25287757237530517,0.20660994594807663,0.046267626427228536,1.223937072414007
read_version_year,2024,1244,589,279,173,549,416,106,0.4734726688102894,0.22427652733118972,0.2937181663837012,0.1618320610687023,0.1318861053149989,0.13906752411575563,0.1061888059470022,0.03287871816875343,1.3096250859545673
read_version_year,2025,2880,1513,944,630,1053,883,314,0.5253472222222222,0.3277777777777778,0.41639127561136813,0.22970007315288954,0.1866912024584786,0.21875,0.1721971450617284,0.046552854938271604,1.2703462645770554
read_version_year,2026,6973,3583,2785,1767,2372,1816,1018,0.5138390936469238,0.3993976767531909,0.49316215461903434,0.30029498525073745,0.1928671693682969,0.25340599455040874,0.20522614022754668,0.048179854322862065,1.2347647052633848
