cohort,domain,year,valid_n,exposure_n,outcome_n,both_n,neither_n,exposure_only_n,outcome_only_n,exposure_share,outcome_share,p_exposed,p_unexposed,risk_difference,joint_share,independence_product,excess_joint_share,lift,agent_language,agent_n,interactive_n
primary,cybersecurity,all,569,290,234,143,188,147,91,0.5096660808435852,0.4112478031634446,0.49310344827586206,0.32616487455197135,0.1669385737238907,0.2513181019332162,0.209599056093847,0.041719045839369195,1.1990421455938698,"{""both_n"": 271, ""excess_joint_share"": 0.008972668110118265, ""exposure_n"": 286, ""exposure_only_n"": 15, ""exposure_share"": 0.5026362038664324, ""independence_product"": 0.4673014970919907, ""joint_share"": 0.47627416520210897, ""lift"": 1.019201025817283, ""neither_n"": 25, ""outcome_n"": 529, ""outcome_only_n"": 258, ""outcome_share"": 0.929701230228471, ""p_exposed"": 0.9475524475524476, ""p_unexposed"": 0.911660777385159, ""risk_difference"": 0.03589167016728856, ""valid_n"": 569}","{""n"": 286, ""share"": 0.5026362038664324, ""valid_n"": 569}","{""n"": 242, ""share"": 0.4253075571177504, ""valid_n"": 569}"
primary,cybersecurity,2024,51,30,17,11,15,19,6,0.5882352941176471,0.3333333333333333,0.36666666666666664,0.2857142857142857,0.08095238095238094,0.21568627450980393,0.19607843137254902,0.019607843137254916,1.1,"{""both_n"": 7, ""excess_joint_share"": 0.0019223375624759786, ""exposure_n"": 8, ""exposure_only_n"": 1, ""exposure_share"": 0.1568627450980392, ""independence_product"": 0.13533256439830835, ""joint_share"": 0.13725490196078433, ""lift"": 1.0142045454545454, ""neither_n"": 6, ""outcome_n"": 44, ""outcome_only_n"": 37, ""outcome_share"": 0.8627450980392157, ""p_exposed"": 0.875, ""p_unexposed"": 0.8604651162790697, ""risk_difference"": 0.014534883720930258, ""valid_n"": 51}","{""n"": 8, ""share"": 0.1568627450980392, ""valid_n"": 51}","{""n"": 9, ""share"": 0.17647058823529413, ""valid_n"": 51}"
primary,cybersecurity,2025,130,68,53,33,42,35,20,0.5230769230769231,0.4076923076923077,0.4852941176470588,0.3225806451612903,0.1627134724857685,0.25384615384615383,0.21325443786982248,0.04059171597633135,1.1903440621531631,"{""both_n"": 47, ""excess_joint_share"": 0.010710059171597619, ""exposure_n"": 49, ""exposure_only_n"": 2, ""exposure_share"": 0.3769230769230769, ""independence_product"": 0.3508284023668639, ""joint_share"": 0.36153846153846153, ""lift"": 1.0305279136447967, ""neither_n"": 7, ""outcome_n"": 121, ""outcome_only_n"": 74, ""outcome_share"": 0.9307692307692308, ""p_exposed"": 0.9591836734693877, ""p_unexposed"": 0.9135802469135802, ""risk_difference"": 0.045603426555807514, ""valid_n"": 130}","{""n"": 49, ""share"": 0.3769230769230769, ""valid_n"": 130}","{""n"": 51, ""share"": 0.3923076923076923, ""valid_n"": 130}"
primary,cybersecurity,2026,388,192,164,99,131,93,65,0.4948453608247423,0.422680412371134,0.515625,0.33163265306122447,0.18399234693877553,0.2551546391752577,0.20916144117334468,0.04599319800191304,1.2198932926829267,"{""both_n"": 217, ""excess_joint_share"": 0.005579764055691383, ""exposure_n"": 229, ""exposure_only_n"": 12, ""exposure_share"": 0.5902061855670103, ""independence_product"": 0.5536985864597725, ""joint_share"": 0.5592783505154639, ""lift"": 1.010077258985556, ""neither_n"": 12, ""outcome_n"": 364, ""outcome_only_n"": 147, ""outcome_share"": 0.9381443298969072, ""p_exposed"": 0.9475982532751092, ""p_unexposed"": 0.9245283018867925, ""risk_difference"": 0.02306995138831669, ""valid_n"": 388}","{""n"": 229, ""share"": 0.5902061855670103, ""valid_n"": 388}","{""n"": 182, ""share"": 0.4690721649484536, ""valid_n"": 388}"
primary,education,all,255,138,127,86,76,52,41,0.5411764705882353,0.4980392156862745,0.6231884057971014,0.3504273504273504,0.27276105536975104,0.33725490196078434,0.2695271049596309,0.06772779700115344,1.2512838069154402,"{""both_n"": 30, ""excess_joint_share"": 0.022975778546712802, ""exposure_n"": 36, ""exposure_only_n"": 6, ""exposure_share"": 0.1411764705882353, ""independence_product"": 0.09467128027681661, ""joint_share"": 0.11764705882352941, ""lift"": 1.2426900584795322, ""neither_n"": 78, ""outcome_n"": 171, ""outcome_only_n"": 141, ""outcome_share"": 0.6705882352941176, ""p_exposed"": 0.8333333333333334, ""p_unexposed"": 0.6438356164383562, ""risk_difference"": 0.1894977168949772, ""valid_n"": 255}","{""n"": 36, ""share"": 0.1411764705882353, ""valid_n"": 255}","{""n"": 48, ""share"": 0.18823529411764706, ""valid_n"": 255}"
primary,education,2024,35,15,14,8,14,7,6,0.42857142857142855,0.4,0.5333333333333333,0.3,0.23333333333333334,0.22857142857142856,0.17142857142857143,0.057142857142857134,1.3333333333333333,"{""both_n"": 2, ""excess_joint_share"": 0.0163265306122449, ""exposure_n"": 2, ""exposure_only_n"": 0, ""exposure_share"": 0.05714285714285714, ""independence_product"": 0.04081632653061224, ""joint_share"": 0.05714285714285714, ""lift"": 1.4000000000000001, ""neither_n"": 10, ""outcome_n"": 25, ""outcome_only_n"": 23, ""outcome_share"": 0.7142857142857143, ""p_exposed"": 1.0, ""p_unexposed"": 0.696969696969697, ""risk_difference"": 0.303030303030303, ""valid_n"": 35}","{""n"": 2, ""share"": 0.05714285714285714, ""valid_n"": 35}","{""n"": 3, ""share"": 0.08571428571428572, ""valid_n"": 35}"
primary,education,2025,71,36,31,20,24,16,11,0.5070422535211268,0.43661971830985913,0.5555555555555556,0.3142857142857143,0.2412698412698413,0.28169014084507044,0.22138464590359055,0.06030549494147988,1.2724014336917564,"{""both_n"": 2, ""excess_joint_share"": 0.011902400317397342, ""exposure_n"": 2, ""exposure_only_n"": 0, ""exposure_share"": 0.028169014084507043, ""independence_product"": 0.0162666137671097, ""joint_share"": 0.028169014084507043, ""lift"": 1.7317073170731707, ""neither_n"": 30, ""outcome_n"": 41, ""outcome_only_n"": 39, ""outcome_share"": 0.5774647887323944, ""p_exposed"": 1.0, ""p_unexposed"": 0.5652173913043478, ""risk_difference"": 0.4347826086956522, ""valid_n"": 71}","{""n"": 2, ""share"": 0.028169014084507043, ""valid_n"": 71}","{""n"": 8, ""share"": 0.11267605633802817, ""valid_n"": 71}"
primary,education,2026,149,87,82,58,38,29,24,0.5838926174496645,0.5503355704697986,0.6666666666666666,0.3870967741935484,0.27956989247311825,0.38926174496644295,0.32133687671726496,0.06792486824917798,1.2113821138211383,"{""both_n"": 26, ""excess_joint_share"": 0.023152110265303366, ""exposure_n"": 32, ""exposure_only_n"": 6, ""exposure_share"": 0.21476510067114093, ""independence_product"": 0.15134453402999865, ""joint_share"": 0.174496644295302, ""lift"": 1.1529761904761906, ""neither_n"": 38, ""outcome_n"": 105, ""outcome_only_n"": 79, ""outcome_share"": 0.7046979865771812, ""p_exposed"": 0.8125, ""p_unexposed"": 0.6752136752136753, ""risk_difference"": 0.13728632478632474, ""valid_n"": 149}","{""n"": 32, ""share"": 0.21476510067114093, ""valid_n"": 149}","{""n"": 37, ""share"": 0.2483221476510067, ""valid_n"": 149}"
primary,engineering,all,780,325,230,121,346,204,109,0.4166666666666667,0.2948717948717949,0.3723076923076923,0.23956043956043957,0.13274725274725271,0.15512820512820513,0.12286324786324786,0.032264957264957275,1.262608695652174,"{""both_n"": 155, ""excess_joint_share"": 0.005358316896778431, ""exposure_n"": 170, ""exposure_only_n"": 15, ""exposure_share"": 0.21794871794871795, ""independence_product"": 0.19335963182117027, ""joint_share"": 0.1987179487179487, ""lift"": 1.027711662699762, ""neither_n"": 73, ""outcome_n"": 692, ""outcome_only_n"": 537, ""outcome_share"": 0.8871794871794871, ""p_exposed"": 0.9117647058823529, ""p_unexposed"": 0.8803278688524591, ""risk_difference"": 0.03143683702989386, ""valid_n"": 780}","{""n"": 170, ""share"": 0.21794871794871795, ""valid_n"": 780}","{""n"": 255, ""share"": 0.3269230769230769, ""valid_n"": 780}"
primary,engineering,2024,61,23,20,11,29,12,9,0.3770491803278688,0.32786885245901637,0.4782608695652174,0.23684210526315788,0.24141876430205952,0.18032786885245902,0.1236226820747111,0.056705186777747926,1.4586956521739132,"{""both_n"": 3, ""excess_joint_share"": 0.007256113947863477, ""exposure_n"": 3, ""exposure_only_n"": 0, ""exposure_share"": 0.04918032786885246, ""independence_product"": 0.04192421392098898, ""joint_share"": 0.04918032786885246, ""lift"": 1.1730769230769231, ""neither_n"": 9, ""outcome_n"": 52, ""outcome_only_n"": 49, ""outcome_share"": 0.8524590163934426, ""p_exposed"": 1.0, ""p_unexposed"": 0.8448275862068966, ""risk_difference"": 0.15517241379310343, ""valid_n"": 61}","{""n"": 3, ""share"": 0.04918032786885246, ""valid_n"": 61}","{""n"": 9, ""share"": 0.14754098360655737, ""valid_n"": 61}"
primary,engineering,2025,210,87,55,29,97,58,26,0.4142857142857143,0.2619047619047619,0.3333333333333333,0.21138211382113822,0.12195121951219509,0.1380952380952381,0.10850340136054422,0.029591836734693885,1.2727272727272727,"{""both_n"": 19, ""excess_joint_share"": 0.012063492063492068, ""exposure_n"": 19, ""exposure_only_n"": 0, ""exposure_share"": 0.09047619047619047, ""independence_product"": 0.0784126984126984, ""joint_share"": 0.09047619047619047, ""lift"": 1.153846153846154, ""neither_n"": 28, ""outcome_n"": 182, ""outcome_only_n"": 163, ""outcome_share"": 0.8666666666666667, ""p_exposed"": 1.0, ""p_unexposed"": 0.8534031413612565, ""risk_difference"": 0.1465968586387435, ""valid_n"": 210}","{""n"": 19, ""share"": 0.09047619047619047, ""valid_n"": 210}","{""n"": 52, ""share"": 0.24761904761904763, ""valid_n"": 210}"
primary,engineering,2026,509,215,155,81,220,134,74,0.4223968565815324,0.3045186640471513,0.3767441860465116,0.25170068027210885,0.12504350577440276,0.15913555992141454,0.1286277264639244,0.03050783345749014,1.2371792948237061,"{""both_n"": 133, ""excess_joint_share"": -0.0003358023166500357, ""exposure_n"": 148, ""exposure_only_n"": 15, ""exposure_share"": 0.2907662082514735, ""independence_product"": 0.2616324624345282, ""joint_share"": 0.26129666011787817, ""lift"": 0.9987165112710963, ""neither_n"": 36, ""outcome_n"": 458, ""outcome_only_n"": 325, ""outcome_share"": 0.899803536345776, ""p_exposed"": 0.8986486486486487, ""p_unexposed"": 0.9002770083102493, ""risk_difference"": -0.0016283596616005758, ""valid_n"": 509}","{""n"": 148, ""share"": 0.2907662082514735, ""valid_n"": 509}","{""n"": 194, ""share"": 0.381139489194499, ""valid_n"": 509}"
primary,finance_and_business,all,1026,527,454,285,330,242,169,0.51364522417154,0.442495126705653,0.540796963946869,0.33867735470941884,0.2021196092374502,0.2777777777777778,0.22728550855153912,0.05049226922623867,1.2221534912103253,"{""both_n"": 369, ""excess_joint_share"": 0.0435426531826294, ""exposure_n"": 423, ""exposure_only_n"": 54, ""exposure_share"": 0.41268292682926827, ""independence_product"": 0.3164573468173706, ""joint_share"": 0.36, ""lift"": 1.1375940663743165, ""neither_n"": 185, ""outcome_n"": 786, ""outcome_only_n"": 417, ""outcome_share"": 0.7668292682926829, ""p_exposed"": 0.8723404255319149, ""p_unexposed"": 0.6926910299003323, ""risk_difference"": 0.17964939563158266, ""valid_n"": 1025}","{""n"": 423, ""share"": 0.41228070175438597, ""valid_n"": 1026}","{""n"": 366, ""share"": 0.3567251461988304, ""valid_n"": 1026}"
primary,finance_and_business,2024,102,47,29,19,45,28,10,0.46078431372549017,0.28431372549019607,0.40425531914893614,0.18181818181818182,0.22243713733075432,0.18627450980392157,0.1310073048827374,0.05526720492118417,1.421863536316948,"{""both_n"": 23, ""excess_joint_share"": 0.05940023068050751, ""exposure_n"": 24, ""exposure_only_n"": 1, ""exposure_share"": 0.23529411764705882, ""independence_product"": 0.16608996539792387, ""joint_share"": 0.22549019607843138, ""lift"": 1.357638888888889, ""neither_n"": 29, ""outcome_n"": 72, ""outcome_only_n"": 49, ""outcome_share"": 0.7058823529411765, ""p_exposed"": 0.9583333333333334, ""p_unexposed"": 0.6282051282051282, ""risk_difference"": 0.3301282051282052, ""valid_n"": 102}","{""n"": 24, ""share"": 0.23529411764705882, ""valid_n"": 102}","{""n"": 20, ""share"": 0.19607843137254902, ""valid_n"": 102}"
primary,finance_and_business,2025,257,133,101,67,90,66,34,0.5175097276264592,0.39299610894941633,0.5037593984962406,0.27419354838709675,0.22956585010914388,0.2607003891050584,0.20337930930067072,0.057321079804387665,1.2818432219161766,"{""both_n"": 58, ""excess_joint_share"": 0.03111326439461612, ""exposure_n"": 71, ""exposure_only_n"": 13, ""exposure_share"": 0.27626459143968873, ""independence_product"": 0.19456766945752396, ""joint_share"": 0.22568093385214008, ""lift"": 1.159909734651, ""neither_n"": 63, ""outcome_n"": 181, ""outcome_only_n"": 123, ""outcome_share"": 0.7042801556420234, ""p_exposed"": 0.8169014084507042, ""p_unexposed"": 0.6612903225806451, ""risk_difference"": 0.15561108587005912, ""valid_n"": 257}","{""n"": 71, ""share"": 0.27626459143968873, ""valid_n"": 257}","{""n"": 61, ""share"": 0.23735408560311283, ""valid_n"": 257}"
primary,finance_and_business,2026,667,347,324,199,195,148,125,0.52023988005997,0.48575712143928035,0.5734870317002881,0.390625,0.18286203170028814,0.2983508245877061,0.2527102265958475,0.0456405979918586,1.180604475753371,"{""both_n"": 288, ""excess_joint_share"": 0.038290542795047344, ""exposure_n"": 328, ""exposure_only_n"": 40, ""exposure_share"": 0.4924924924924925, ""independence_product"": 0.3941418896373851, ""joint_share"": 0.43243243243243246, ""lift"": 1.0971491328421727, ""neither_n"": 93, ""outcome_n"": 533, ""outcome_only_n"": 245, ""outcome_share"": 0.8003003003003003, ""p_exposed"": 0.8780487804878049, ""p_unexposed"": 0.7248520710059172, ""risk_difference"": 0.15319670948188768, ""valid_n"": 666}","{""n"": 328, ""share"": 0.4917541229385307, ""valid_n"": 667}","{""n"": 285, ""share"": 0.4272863568215892, ""valid_n"": 667}"
primary,general_or_cross_domain,all,4437,2580,1877,1293,1273,1287,584,0.581473968897904,0.4230335812485914,0.5011627906976744,0.31448572967151317,0.18667706102616127,0.2914131169709263,0.24598301546571236,0.045430101505213955,1.1846879607488447,"{""both_n"": 889, ""excess_joint_share"": 0.009803487427694768, ""exposure_n"": 1024, ""exposure_only_n"": 135, ""exposure_share"": 0.23089064261555806, ""independence_product"": 0.19064747085866374, ""joint_share"": 0.2004509582863585, ""lift"": 1.0514220691391316, ""neither_n"": 638, ""outcome_n"": 3662, ""outcome_only_n"": 2773, ""outcome_share"": 0.8257046223224351, ""p_exposed"": 0.8681640625, ""p_unexposed"": 0.8129580768103195, ""risk_difference"": 0.05520598568968049, ""valid_n"": 4435}","{""n"": 1024, ""share"": 0.23057869849133078, ""valid_n"": 4441}","{""n"": 1048, ""share"": 0.23603603603603604, ""valid_n"": 4440}"
primary,general_or_cross_domain,2024,790,449,261,181,261,268,80,0.5683544303797469,0.330379746835443,0.40311804008908686,0.23460410557184752,0.16851393451723934,0.2291139240506329,0.1877727928216632,0.04134113122896971,1.2201657152121785,"{""both_n"": 90, ""excess_joint_share"": 0.012057424568809733, ""exposure_n"": 98, ""exposure_only_n"": 8, ""exposure_share"": 0.12420785804816223, ""independence_product"": 0.10201101649582905, ""joint_share"": 0.11406844106463879, ""lift"": 1.1181972789115646, ""neither_n"": 133, ""outcome_n"": 648, ""outcome_only_n"": 558, ""outcome_share"": 0.8212927756653993, ""p_exposed"": 0.9183673469387755, ""p_unexposed"": 0.8075253256150506, ""risk_difference"": 0.11084202132372489, ""valid_n"": 789}","{""n"": 98, ""share"": 0.12373737373737374, ""valid_n"": 792}","{""n"": 93, ""share"": 0.11742424242424243, ""valid_n"": 792}"
primary,general_or_cross_domain,2025,1410,835,591,410,394,425,181,0.5921985815602837,0.41914893617021276,0.49101796407185627,0.31478260869565217,0.1762353553762041,0.2907801418439716,0.24821940546250187,0.04256073638146973,1.1714641782424997,"{""both_n"": 184, ""excess_joint_share"": 0.007039809477852252, ""exposure_n"": 219, ""exposure_only_n"": 35, ""exposure_share"": 0.1554293825408091, ""independence_product"": 0.12354926078474533, ""joint_share"": 0.13058907026259758, ""lift"": 1.0569797782126549, ""neither_n"": 254, ""outcome_n"": 1120, ""outcome_only_n"": 936, ""outcome_share"": 0.794889992902768, ""p_exposed"": 0.8401826484018264, ""p_unexposed"": 0.7865546218487395, ""risk_difference"": 0.05362802655308696, ""valid_n"": 1409}","{""n"": 219, ""share"": 0.15509915014164305, ""valid_n"": 1412}","{""n"": 250, ""share"": 0.17705382436260622, ""valid_n"": 1412}"
primary,general_or_cross_domain,2026,2237,1296,1025,702,618,594,323,0.5793473401877515,0.45820295037997316,0.5416666666666666,0.3432518597236982,0.19841480694296842,0.3138131426016987,0.26545866056881773,0.04835448203288095,1.1821544715447154,"{""both_n"": 615, ""excess_joint_share"": 0.007333285506544662, ""exposure_n"": 707, ""exposure_only_n"": 92, ""exposure_share"": 0.31604827894501564, ""independence_product"": 0.26758848472143926, ""joint_share"": 0.2749217702279839, ""lift"": 1.0274050862621336, ""neither_n"": 251, ""outcome_n"": 1894, ""outcome_only_n"": 1279, ""outcome_share"": 0.8466696468484578, ""p_exposed"": 0.8698727015558698, ""p_unexposed"": 0.8359477124183007, ""risk_difference"": 0.03392498913756914, ""valid_n"": 2237}","{""n"": 707, ""share"": 0.31604827894501564, ""valid_n"": 2237}","{""n"": 705, ""share"": 0.3152951699463327, ""valid_n"": 2236}"
primary,healthcare_biomedicine,all,1262,692,584,379,365,313,205,0.5483359746434231,0.46275752773375595,0.5476878612716763,0.35964912280701755,0.1880387384646588,0.30031695721077656,0.25374659999347,0.04657035721730657,1.1835309604877662,"{""both_n"": 227, ""excess_joint_share"": 0.02535279960932041, ""exposure_n"": 247, ""exposure_only_n"": 20, ""exposure_share"": 0.1955661124307205, ""independence_product"": 0.15437800007397334, ""joint_share"": 0.17973079968329375, ""lift"": 1.1642254699320636, ""neither_n"": 246, ""outcome_n"": 997, ""outcome_only_n"": 770, ""outcome_share"": 0.7893903404592241, ""p_exposed"": 0.9190283400809717, ""p_unexposed"": 0.7578740157480315, ""risk_difference"": 0.1611543243329402, ""valid_n"": 1263}","{""n"": 247, ""share"": 0.1955661124307205, ""valid_n"": 1263}","{""n"": 265, ""share"": 0.20981789390340458, ""valid_n"": 1263}"
primary,healthcare_biomedicine,2024,173,77,49,31,78,46,18,0.44508670520231214,0.2832369942196532,0.4025974025974026,0.1875,0.21509740259740262,0.1791907514450867,0.12606502054863175,0.05312573089645495,1.4214153193745032,"{""both_n"": 9, ""excess_joint_share"": 0.005581979125379839, ""exposure_n"": 11, ""exposure_only_n"": 2, ""exposure_share"": 0.06321839080459771, ""independence_product"": 0.04614215880565464, ""joint_share"": 0.05172413793103448, ""lift"": 1.120973514674302, ""neither_n"": 45, ""outcome_n"": 127, ""outcome_only_n"": 118, ""outcome_share"": 0.7298850574712644, ""p_exposed"": 0.8181818181818182, ""p_unexposed"": 0.7239263803680982, ""risk_difference"": 0.09425543781372003, ""valid_n"": 174}","{""n"": 11, ""share"": 0.06321839080459771, ""valid_n"": 174}","{""n"": 12, ""share"": 0.06896551724137931, ""valid_n"": 174}"
primary,healthcare_biomedicine,2025,353,196,142,92,107,104,50,0.5552407932011332,0.40226628895184136,0.46938775510204084,0.3184713375796178,0.15091641752242302,0.26062322946175637,0.22335465335569663,0.03726857610605974,1.1668582926128197,"{""both_n"": 33, ""excess_joint_share"": 0.02409938286961616, ""exposure_n"": 33, ""exposure_only_n"": 0, ""exposure_share"": 0.09348441926345609, ""independence_product"": 0.06938503639383993, ""joint_share"": 0.09348441926345609, ""lift"": 1.3473282442748091, ""neither_n"": 91, ""outcome_n"": 262, ""outcome_only_n"": 229, ""outcome_share"": 0.7422096317280453, ""p_exposed"": 1.0, ""p_unexposed"": 0.715625, ""risk_difference"": 0.28437500000000004, ""valid_n"": 353}","{""n"": 33, ""share"": 0.09348441926345609, ""valid_n"": 353}","{""n"": 44, ""share"": 0.12464589235127478, ""valid_n"": 353}"
primary,healthcare_biomedicine,2026,736,419,393,256,180,163,137,0.5692934782608695,0.5339673913043478,0.6109785202863962,0.43217665615141954,0.17880186413497667,0.34782608695652173,0.30398415347353497,0.04384193348298676,1.1442244044040397,"{""both_n"": 185, ""excess_joint_share"": 0.02351134215500944, ""exposure_n"": 203, ""exposure_only_n"": 18, ""exposure_share"": 0.2758152173913043, ""independence_product"": 0.22784735349716445, ""joint_share"": 0.2513586956521739, ""lift"": 1.1031890070002592, ""neither_n"": 110, ""outcome_n"": 608, ""outcome_only_n"": 423, ""outcome_share"": 0.8260869565217391, ""p_exposed"": 0.9113300492610837, ""p_unexposed"": 0.7936210131332082, ""risk_difference"": 0.11770903612787553, ""valid_n"": 736}","{""n"": 203, ""share"": 0.2758152173913043, ""valid_n"": 736}","{""n"": 209, ""share"": 0.28396739130434784, ""valid_n"": 736}"
primary,language_and_communication,all,1496,788,567,356,497,432,211,0.5267379679144385,0.3790106951871658,0.4517766497461929,0.2980225988700565,0.15375405087613642,0.23796791443850268,0.19963932340072635,0.03832859103777633,1.1919891852209958,"{""both_n"": 54, ""excess_joint_share"": 0.011845049824847804, ""exposure_n"": 67, ""exposure_only_n"": 13, ""exposure_share"": 0.04511784511784512, ""independence_product"": 0.024518586538788557, ""joint_share"": 0.03636363636363636, ""lift"": 1.4831049214892082, ""neither_n"": 665, ""outcome_n"": 807, ""outcome_only_n"": 753, ""outcome_share"": 0.5434343434343434, ""p_exposed"": 0.8059701492537313, ""p_unexposed"": 0.5310296191819464, ""risk_difference"": 0.274940530071785, ""valid_n"": 1485}","{""n"": 67, ""share"": 0.04472630173564753, ""valid_n"": 1498}","{""n"": 139, ""share"": 0.09279038718291055, ""valid_n"": 1498}"
primary,language_and_communication,2024,333,159,73,48,149,111,25,0.4774774774774775,0.21921921921921922,0.3018867924528302,0.14367816091954022,0.15820863153328996,0.14414414414414414,0.10467223980737494,0.0394719043367692,1.3771000258464718,"{""both_n"": 6, ""excess_joint_share"": 0.004164187983343247, ""exposure_n"": 8, ""exposure_only_n"": 2, ""exposure_share"": 0.024390243902439025, ""independence_product"": 0.01412849494348602, ""joint_share"": 0.018292682926829267, ""lift"": 1.294736842105263, ""neither_n"": 136, ""outcome_n"": 190, ""outcome_only_n"": 184, ""outcome_share"": 0.5792682926829268, ""p_exposed"": 0.75, ""p_unexposed"": 0.575, ""risk_difference"": 0.17500000000000004, ""valid_n"": 328}","{""n"": 8, ""share"": 0.023952095808383235, ""valid_n"": 334}","{""n"": 14, ""share"": 0.041916167664670656, ""valid_n"": 334}"
primary,language_and_communication,2025,516,272,199,123,168,149,76,0.5271317829457365,0.3856589147286822,0.4522058823529412,0.3114754098360656,0.1407304725168756,0.23837209302325582,0.20329307132984797,0.03507902169340785,1.1725539462015961,"{""both_n"": 15, ""excess_joint_share"": 0.010530681496842303, ""exposure_n"": 18, ""exposure_only_n"": 3, ""exposure_share"": 0.03495145631067961, ""independence_product"": 0.018595532095390707, ""joint_share"": 0.02912621359223301, ""lift"": 1.566301703163017, ""neither_n"": 238, ""outcome_n"": 274, ""outcome_only_n"": 259, ""outcome_share"": 0.5320388349514563, ""p_exposed"": 0.8333333333333334, ""p_unexposed"": 0.5211267605633803, ""risk_difference"": 0.3122065727699531, ""valid_n"": 515}","{""n"": 18, ""share"": 0.03481624758220503, ""valid_n"": 517}","{""n"": 43, ""share"": 0.08317214700193423, ""valid_n"": 517}"
primary,language_and_communication,2026,647,357,295,185,180,172,110,0.5517774343122102,0.4559505409582689,0.5182072829131653,0.3793103448275862,0.13889693808557912,0.28593508500772796,0.25158321966321795,0.03435186534451001,1.136542752694298,"{""both_n"": 33, ""excess_joint_share"": 0.017281955726361348, ""exposure_n"": 41, ""exposure_only_n"": 8, ""exposure_share"": 0.06386292834890965, ""independence_product"": 0.034119913432517156, ""joint_share"": 0.0514018691588785, ""lift"": 1.5065064353267439, ""neither_n"": 291, ""outcome_n"": 343, ""outcome_only_n"": 310, ""outcome_share"": 0.5342679127725857, ""p_exposed"": 0.8048780487804879, ""p_unexposed"": 0.5158069883527454, ""risk_difference"": 0.28907106042774244, ""valid_n"": 642}","{""n"": 41, ""share"": 0.0633693972179289, ""valid_n"": 647}","{""n"": 82, ""share"": 0.1267387944358578, ""valid_n"": 647}"
primary,law_and_public_policy,all,371,188,187,107,103,81,80,0.5067385444743935,0.5040431266846361,0.5691489361702128,0.4371584699453552,0.1319904662248576,0.2884097035040431,0.25541808036849484,0.032991623135548265,1.129167140744112,"{""both_n"": 52, ""excess_joint_share"": 0.03954214360041622, ""exposure_n"": 68, ""exposure_only_n"": 16, ""exposure_share"": 0.1827956989247312, ""independence_product"": 0.10024280263614291, ""joint_share"": 0.13978494623655913, ""lift"": 1.394463667820069, ""neither_n"": 152, ""outcome_n"": 204, ""outcome_only_n"": 152, ""outcome_share"": 0.5483870967741935, ""p_exposed"": 0.7647058823529411, ""p_unexposed"": 0.5, ""risk_difference"": 0.2647058823529411, ""valid_n"": 372}","{""n"": 68, ""share"": 0.1827956989247312, ""valid_n"": 372}","{""n"": 67, ""share"": 0.18010752688172044, ""valid_n"": 372}"
primary,law_and_public_policy,2024,45,24,15,12,18,12,3,0.5333333333333333,0.3333333333333333,0.5,0.14285714285714285,0.35714285714285715,0.26666666666666666,0.17777777777777778,0.08888888888888888,1.5,"{""both_n"": 1, ""excess_joint_share"": 0.011814744801512287, ""exposure_n"": 1, ""exposure_only_n"": 0, ""exposure_share"": 0.021739130434782608, ""independence_product"": 0.00992438563327032, ""joint_share"": 0.021739130434782608, ""lift"": 2.1904761904761907, ""neither_n"": 25, ""outcome_n"": 21, ""outcome_only_n"": 20, ""outcome_share"": 0.45652173913043476, ""p_exposed"": 1.0, ""p_unexposed"": 0.4444444444444444, ""risk_difference"": 0.5555555555555556, ""valid_n"": 46}","{""n"": 1, ""share"": 0.021739130434782608, ""valid_n"": 46}","{""n"": 2, ""share"": 0.043478260869565216, ""valid_n"": 46}"
primary,law_and_public_policy,2025,107,49,54,27,31,22,27,0.45794392523364486,0.5046728971962616,0.5510204081632653,0.46551724137931033,0.08550316678395492,0.2523364485981308,0.2311118875010918,0.02122456109703902,1.0918367346938775,"{""both_n"": 7, ""excess_joint_share"": 0.02611581797536902, ""exposure_n"": 9, ""exposure_only_n"": 2, ""exposure_share"": 0.08411214953271028, ""independence_product"": 0.039304742772294524, ""joint_share"": 0.06542056074766354, ""lift"": 1.6644444444444442, ""neither_n"": 55, ""outcome_n"": 50, ""outcome_only_n"": 43, ""outcome_share"": 0.4672897196261682, ""p_exposed"": 0.7777777777777778, ""p_unexposed"": 0.4387755102040816, ""risk_difference"": 0.33900226757369617, ""valid_n"": 107}","{""n"": 9, ""share"": 0.08411214953271028, ""valid_n"": 107}","{""n"": 13, ""share"": 0.12149532710280374, ""valid_n"": 107}"
primary,law_and_public_policy,2026,219,115,118,68,54,47,50,0.5251141552511416,0.5388127853881278,0.591304347826087,0.4807692307692308,0.1105351170568562,0.3105022831050228,0.2829382206376014,0.027564062467421435,1.0974207811348562,"{""both_n"": 44, ""excess_joint_share"": 0.04007422697608473, ""exposure_n"": 58, ""exposure_only_n"": 14, ""exposure_share"": 0.2648401826484018, ""independence_product"": 0.16083901503304768, ""joint_share"": 0.2009132420091324, ""lift"": 1.2491573761991184, ""neither_n"": 72, ""outcome_n"": 133, ""outcome_only_n"": 89, ""outcome_share"": 0.6073059360730594, ""p_exposed"": 0.7586206896551724, ""p_unexposed"": 0.5527950310559007, ""risk_difference"": 0.2058256585992717, ""valid_n"": 219}","{""n"": 58, ""share"": 0.2648401826484018, ""valid_n"": 219}","{""n"": 52, ""share"": 0.2374429223744292, ""valid_n"": 219}"
primary,mathematics_and_formal_reasoning,all,1139,488,344,177,484,311,167,0.42844600526777876,0.30201931518876207,0.36270491803278687,0.2565284178187404,0.10617650021404645,0.15539947322212466,0.12939896910633528,0.026000504115789386,1.200932853602745,"{""both_n"": 125, ""excess_joint_share"": 0.011482406764530856, ""exposure_n"": 141, ""exposure_only_n"": 16, ""exposure_share"": 0.12411971830985916, ""independence_product"": 0.09855280450307478, ""joint_share"": 0.11003521126760564, ""lift"": 1.1165101979839915, ""neither_n"": 218, ""outcome_n"": 902, ""outcome_only_n"": 777, ""outcome_share"": 0.7940140845070423, ""p_exposed"": 0.8865248226950354, ""p_unexposed"": 0.7809045226130653, ""risk_difference"": 0.1056203000819701, ""valid_n"": 1136}","{""n"": 141, ""share"": 0.1237928007023705, ""valid_n"": 1139}","{""n"": 171, ""share"": 0.15013169446883232, ""valid_n"": 1139}"
primary,mathematics_and_formal_reasoning,2024,210,88,34,16,104,72,18,0.41904761904761906,0.1619047619047619,0.18181818181818182,0.14754098360655737,0.03427719821162445,0.0761904761904762,0.06784580498866213,0.008344671201814063,1.1229946524064172,"{""both_n"": 8, ""excess_joint_share"": 0.002564043863464663, ""exposure_n"": 10, ""exposure_only_n"": 2, ""exposure_share"": 0.04784688995215311, ""independence_product"": 0.035713468098257824, ""joint_share"": 0.03827751196172249, ""lift"": 1.0717948717948718, ""neither_n"": 51, ""outcome_n"": 156, ""outcome_only_n"": 148, ""outcome_share"": 0.7464114832535885, ""p_exposed"": 0.8, ""p_unexposed"": 0.7437185929648241, ""risk_difference"": 0.05628140703517592, ""valid_n"": 209}","{""n"": 10, ""share"": 0.047619047619047616, ""valid_n"": 210}","{""n"": 7, ""share"": 0.03333333333333333, ""valid_n"": 210}"
primary,mathematics_and_formal_reasoning,2025,401,164,129,61,169,103,68,0.4089775561097257,0.32169576059850374,0.3719512195121951,0.2869198312236287,0.08503138828856643,0.15211970074812967,0.13156634598043546,0.02055335476769421,1.1562204575534125,"{""both_n"": 27, ""excess_joint_share"": 0.006900000000000003, ""exposure_n"": 32, ""exposure_only_n"": 5, ""exposure_share"": 0.08, ""independence_product"": 0.0606, ""joint_share"": 0.0675, ""lift"": 1.113861386138614, ""neither_n"": 92, ""outcome_n"": 303, ""outcome_only_n"": 276, ""outcome_share"": 0.7575, ""p_exposed"": 0.84375, ""p_unexposed"": 0.75, ""risk_difference"": 0.09375, ""valid_n"": 400}","{""n"": 32, ""share"": 0.0798004987531172, ""valid_n"": 401}","{""n"": 44, ""share"": 0.10972568578553615, ""valid_n"": 401}"
primary,mathematics_and_formal_reasoning,2026,528,236,181,100,211,136,81,0.44696969696969696,0.3428030303030303,0.423728813559322,0.2773972602739726,0.1463315532853494,0.1893939393939394,0.1532225665748393,0.0361713728191001,1.2360707931454258,"{""both_n"": 90, ""excess_joint_share"": 0.01286505910437874, ""exposure_n"": 99, ""exposure_only_n"": 9, ""exposure_share"": 0.18785578747628084, ""independence_product"": 0.15791292951042202, ""joint_share"": 0.17077798861480076, ""lift"": 1.0814693207469732, ""neither_n"": 75, ""outcome_n"": 443, ""outcome_only_n"": 353, ""outcome_share"": 0.8406072106261859, ""p_exposed"": 0.9090909090909091, ""p_unexposed"": 0.8247663551401869, ""risk_difference"": 0.08432455395072214, ""valid_n"": 527}","{""n"": 99, ""share"": 0.1875, ""valid_n"": 528}","{""n"": 120, ""share"": 0.22727272727272727, ""valid_n"": 528}"
primary,natural_sciences,all,938,435,406,216,313,219,190,0.46375266524520253,0.43283582089552236,0.496551724137931,0.37773359840954274,0.11881812572838829,0.2302771855010661,0.20072876555389366,0.029548419947172444,1.147205707491082,"{""both_n"": 183, ""excess_joint_share"": 0.01927480461506531, ""exposure_n"": 197, ""exposure_only_n"": 14, ""exposure_share"": 0.20979765708200213, ""independence_product"": 0.17561337429867271, ""joint_share"": 0.19488817891373802, ""lift"": 1.1097570426628434, ""neither_n"": 139, ""outcome_n"": 786, ""outcome_only_n"": 603, ""outcome_share"": 0.8370607028753994, ""p_exposed"": 0.9289340101522843, ""p_unexposed"": 0.8126684636118598, ""risk_difference"": 0.11626554654042442, ""valid_n"": 939}","{""n"": 197, ""share"": 0.20979765708200213, ""valid_n"": 939}","{""n"": 150, ""share"": 0.1597444089456869, ""valid_n"": 939}"
primary,natural_sciences,2024,120,53,30,18,55,35,12,0.44166666666666665,0.25,0.33962264150943394,0.1791044776119403,0.16051816389749365,0.15,0.11041666666666666,0.03958333333333333,1.3584905660377358,"{""both_n"": 11, ""excess_joint_share"": 0.023290758827948913, ""exposure_n"": 11, ""exposure_only_n"": 0, ""exposure_share"": 0.09090909090909091, ""independence_product"": 0.067618332081142, ""joint_share"": 0.09090909090909091, ""lift"": 1.3444444444444446, ""neither_n"": 31, ""outcome_n"": 90, ""outcome_only_n"": 79, ""outcome_share"": 0.743801652892562, ""p_exposed"": 1.0, ""p_unexposed"": 0.7181818181818181, ""risk_difference"": 0.28181818181818186, ""valid_n"": 121}","{""n"": 11, ""share"": 0.09090909090909091, ""valid_n"": 121}","{""n"": 6, ""share"": 0.049586776859504134, ""valid_n"": 121}"
primary,natural_sciences,2025,283,142,130,72,83,70,58,0.5017667844522968,0.45936395759717313,0.5070422535211268,0.41134751773049644,0.09569473579063031,0.254416961130742,0.2304935758968148,0.02392338523392723,1.103791982665222,"{""both_n"": 23, ""excess_joint_share"": 0.012948095244041002, ""exposure_n"": 24, ""exposure_only_n"": 1, ""exposure_share"": 0.08480565371024736, ""independence_product"": 0.0683239895616127, ""joint_share"": 0.0812720848056537, ""lift"": 1.1895102339181287, ""neither_n"": 54, ""outcome_n"": 228, ""outcome_only_n"": 205, ""outcome_share"": 0.8056537102473498, ""p_exposed"": 0.9583333333333334, ""p_unexposed"": 0.7915057915057915, ""risk_difference"": 0.1668275418275419, ""valid_n"": 283}","{""n"": 24, ""share"": 0.08480565371024736, ""valid_n"": 283}","{""n"": 19, ""share"": 0.06713780918727916, ""valid_n"": 283}"
primary,natural_sciences,2026,535,240,246,126,175,114,120,0.4485981308411215,0.45981308411214955,0.525,0.4067796610169492,0.11822033898305084,0.23551401869158878,0.20627129006900166,0.029242728622587116,1.1417682926829267,"{""both_n"": 149, ""excess_joint_share"": 0.013622150406149003, ""exposure_n"": 162, ""exposure_only_n"": 13, ""exposure_share"": 0.30280373831775703, ""independence_product"": 0.26488252249104727, ""joint_share"": 0.27850467289719627, ""lift"": 1.0514271393901022, ""neither_n"": 54, ""outcome_n"": 468, ""outcome_only_n"": 319, ""outcome_share"": 0.874766355140187, ""p_exposed"": 0.9197530864197531, ""p_unexposed"": 0.8552278820375335, ""risk_difference"": 0.06452520438221954, ""valid_n"": 535}","{""n"": 162, ""share"": 0.30280373831775703, ""valid_n"": 535}","{""n"": 125, ""share"": 0.2336448598130841, ""valid_n"": 535}"
primary,other,all,424,245,163,114,130,131,49,0.5778301886792453,0.38443396226415094,0.46530612244897956,0.2737430167597765,0.19156310568920304,0.2688679245283019,0.2221375489498042,0.046730375578497685,1.210366846124953,"{""both_n"": 103, ""excess_joint_share"": -0.005434540761836942, ""exposure_n"": 121, ""exposure_only_n"": 18, ""exposure_share"": 0.28537735849056606, ""independence_product"": 0.24835906906372374, ""joint_share"": 0.2429245283018868, ""lift"": 0.9781182109341755, ""neither_n"": 37, ""outcome_n"": 369, ""outcome_only_n"": 266, ""outcome_share"": 0.8702830188679245, ""p_exposed"": 0.8512396694214877, ""p_unexposed"": 0.8778877887788779, ""risk_difference"": -0.0266481193573902, ""valid_n"": 424}","{""n"": 121, ""share"": 0.28537735849056606, ""valid_n"": 424}","{""n"": 93, ""share"": 0.21933962264150944, ""valid_n"": 424}"
primary,other,2024,41,19,12,6,16,13,6,0.4634146341463415,0.2926829268292683,0.3157894736842105,0.2727272727272727,0.0430622009569378,0.14634146341463414,0.1356335514574658,0.010707911957168331,1.0789473684210524,"{""both_n"": 11, ""excess_joint_share"": 0.006543723973825133, ""exposure_n"": 11, ""exposure_only_n"": 0, ""exposure_share"": 0.2682926829268293, ""independence_product"": 0.26174895895300415, ""joint_share"": 0.2682926829268293, ""lift"": 1.0250000000000001, ""neither_n"": 1, ""outcome_n"": 40, ""outcome_only_n"": 29, ""outcome_share"": 0.975609756097561, ""p_exposed"": 1.0, ""p_unexposed"": 0.9666666666666667, ""risk_difference"": 0.033333333333333326, ""valid_n"": 41}","{""n"": 11, ""share"": 0.2682926829268293, ""valid_n"": 41}","{""n"": 7, ""share"": 0.17073170731707318, ""valid_n"": 41}"
primary,other,2025,129,82,51,43,39,39,8,0.6356589147286822,0.3953488372093023,0.524390243902439,0.1702127659574468,0.3541774779449922,0.3333333333333333,0.25130701279971157,0.08202632053362174,1.3263988522238161,"{""both_n"": 21, ""excess_joint_share"": 0.020191094285199218, ""exposure_n"": 21, ""exposure_only_n"": 0, ""exposure_share"": 0.16279069767441862, ""independence_product"": 0.1425996033892194, ""joint_share"": 0.16279069767441862, ""lift"": 1.1415929203539823, ""neither_n"": 16, ""outcome_n"": 113, ""outcome_only_n"": 92, ""outcome_share"": 0.875968992248062, ""p_exposed"": 1.0, ""p_unexposed"": 0.8518518518518519, ""risk_difference"": 0.14814814814814814, ""valid_n"": 129}","{""n"": 21, ""share"": 0.16279069767441862, ""valid_n"": 129}","{""n"": 17, ""share"": 0.13178294573643412, ""valid_n"": 129}"
primary,other,2026,254,144,100,65,75,79,35,0.5669291338582677,0.3937007874015748,0.4513888888888889,0.3181818181818182,0.13320707070707072,0.2559055118110236,0.2232004464008928,0.032705065410130824,1.1465277777777778,"{""both_n"": 71, ""excess_joint_share"": -0.018445036890073763, ""exposure_n"": 89, ""exposure_only_n"": 18, ""exposure_share"": 0.35039370078740156, ""independence_product"": 0.2979725959451919, ""joint_share"": 0.2795275590551181, ""lift"": 0.9380982105701208, ""neither_n"": 20, ""outcome_n"": 216, ""outcome_only_n"": 145, ""outcome_share"": 0.8503937007874016, ""p_exposed"": 0.797752808988764, ""p_unexposed"": 0.8787878787878788, ""risk_difference"": -0.08103506979911479, ""valid_n"": 254}","{""n"": 89, ""share"": 0.35039370078740156, ""valid_n"": 254}","{""n"": 69, ""share"": 0.27165354330708663, ""valid_n"": 254}"
primary,social_sciences_and_humanities,all,1195,629,473,295,388,334,178,0.5263598326359833,0.39581589958158997,0.46899841017488075,0.31448763250883394,0.15451077766604682,0.24686192468619247,0.20834159065842686,0.03852033402776561,1.1848902751775527,"{""both_n"": 95, ""excess_joint_share"": 0.01851608537929765, ""exposure_n"": 109, ""exposure_only_n"": 14, ""exposure_share"": 0.09136630343671416, ""independence_product"": 0.06111509651508626, ""joint_share"": 0.07963118189438391, ""lift"": 1.3029707295762343, ""neither_n"": 381, ""outcome_n"": 798, ""outcome_only_n"": 703, ""outcome_share"": 0.6689019279128248, ""p_exposed"": 0.8715596330275229, ""p_unexposed"": 0.6485239852398524, ""risk_difference"": 0.2230356477876705, ""valid_n"": 1193}","{""n"": 109, ""share"": 0.09121338912133892, ""valid_n"": 1195}","{""n"": 166, ""share"": 0.1389121338912134, ""valid_n"": 1195}"
primary,social_sciences_and_humanities,2024,191,92,49,32,82,60,17,0.4816753926701571,0.25654450261780104,0.34782608695652173,0.1717171717171717,0.17610891523935002,0.16753926701570682,0.12357117403579945,0.043968092979907364,1.3558118899733809,"{""both_n"": 8, ""excess_joint_share"": 0.009813327485540424, ""exposure_n"": 9, ""exposure_only_n"": 1, ""exposure_share"": 0.04712041884816754, ""independence_product"": 0.03207148926838628, ""joint_share"": 0.041884816753926704, ""lift"": 1.3059829059829062, ""neither_n"": 60, ""outcome_n"": 130, ""outcome_only_n"": 122, ""outcome_share"": 0.680628272251309, ""p_exposed"": 0.8888888888888888, ""p_unexposed"": 0.6703296703296703, ""risk_difference"": 0.21855921855921856, ""valid_n"": 191}","{""n"": 9, ""share"": 0.04712041884816754, ""valid_n"": 191}","{""n"": 15, ""share"": 0.07853403141361257, ""valid_n"": 191}"
primary,social_sciences_and_humanities,2025,364,203,142,89,108,114,53,0.5576923076923077,0.3901098901098901,0.43842364532019706,0.32919254658385094,0.10923109873634612,0.2445054945054945,0.2175612848689772,0.026944209636517308,1.123846527440505,"{""both_n"": 13, ""excess_joint_share"": 0.012134872390319424, ""exposure_n"": 13, ""exposure_only_n"": 0, ""exposure_share"": 0.03581267217630854, ""independence_product"": 0.023677799785989117, ""joint_share"": 0.03581267217630854, ""lift"": 1.5125000000000002, ""neither_n"": 123, ""outcome_n"": 240, ""outcome_only_n"": 227, ""outcome_share"": 0.6611570247933884, ""p_exposed"": 1.0, ""p_unexposed"": 0.6485714285714286, ""risk_difference"": 0.3514285714285714, ""valid_n"": 363}","{""n"": 13, ""share"": 0.03571428571428571, ""valid_n"": 364}","{""n"": 29, ""share"": 0.07967032967032966, ""valid_n"": 364}"
primary,social_sciences_and_humanities,2026,640,334,282,174,198,160,108,0.521875,0.440625,0.5209580838323353,0.35294117647058826,0.16801690736174707,0.271875,0.229951171875,0.04192382812499998,1.1823162186265765,"{""both_n"": 74, ""excess_joint_share"": 0.024612988310667355, ""exposure_n"": 87, ""exposure_only_n"": 13, ""exposure_share"": 0.13615023474178403, ""independence_product"": 0.09119295848119494, ""joint_share"": 0.11580594679186229, ""lift"": 1.2699000966806318, ""neither_n"": 198, ""outcome_n"": 428, ""outcome_only_n"": 354, ""outcome_share"": 0.6697965571205008, ""p_exposed"": 0.8505747126436781, ""p_unexposed"": 0.6413043478260869, ""risk_difference"": 0.2092703648175912, ""valid_n"": 639}","{""n"": 87, ""share"": 0.1359375, ""valid_n"": 640}","{""n"": 122, ""share"": 0.190625, ""valid_n"": 640}"
primary,software_and_coding,all,1953,903,580,343,813,560,237,0.46236559139784944,0.296979006656426,0.3798449612403101,0.2257142857142857,0.15413067552602439,0.17562724014336917,0.1373128740454443,0.03831436609792488,1.2790296712109062,"{""both_n"": 596, ""excess_joint_share"": 0.00765450735689327, ""exposure_n"": 634, ""exposure_only_n"": 38, ""exposure_share"": 0.32479508196721313, ""independence_product"": 0.2976733614955657, ""joint_share"": 0.305327868852459, ""lift"": 1.0257144519698895, ""neither_n"": 125, ""outcome_n"": 1789, ""outcome_only_n"": 1193, ""outcome_share"": 0.9164959016393442, ""p_exposed"": 0.9400630914826499, ""p_unexposed"": 0.9051593323216995, ""risk_difference"": 0.03490375916095034, ""valid_n"": 1952}","{""n"": 634, ""share"": 0.32462877624167946, ""valid_n"": 1953}","{""n"": 568, ""share"": 0.29083461341525857, ""valid_n"": 1953}"
primary,software_and_coding,2024,270,103,42,24,149,79,18,0.3814814814814815,0.15555555555555556,0.23300970873786409,0.10778443113772455,0.12522527760013952,0.08888888888888889,0.05934156378600823,0.02954732510288066,1.4979195561719834,"{""both_n"": 21, ""excess_joint_share"": 0.005349794238683134, ""exposure_n"": 22, ""exposure_only_n"": 1, ""exposure_share"": 0.08148148148148149, ""independence_product"": 0.07242798353909465, ""joint_share"": 0.07777777777777778, ""lift"": 1.0738636363636365, ""neither_n"": 29, ""outcome_n"": 240, ""outcome_only_n"": 219, ""outcome_share"": 0.8888888888888888, ""p_exposed"": 0.9545454545454546, ""p_unexposed"": 0.8830645161290323, ""risk_difference"": 0.07148093841642233, ""valid_n"": 270}","{""n"": 22, ""share"": 0.08148148148148149, ""valid_n"": 270}","{""n"": 19, ""share"": 0.07037037037037037, ""valid_n"": 270}"
primary,software_and_coding,2025,555,260,142,89,242,171,53,0.46846846846846846,0.25585585585585585,0.3423076923076923,0.17966101694915254,0.16264667535853977,0.16036036036036036,0.11986040094148202,0.04049995941887834,1.3378927410617552,"{""both_n"": 99, ""excess_joint_share"": 0.005431453557325133, ""exposure_n"": 107, ""exposure_only_n"": 8, ""exposure_share"": 0.1931407942238267, ""independence_product"": 0.1732689074535052, ""joint_share"": 0.17870036101083034, ""lift"": 1.0313469602662706, ""neither_n"": 49, ""outcome_n"": 497, ""outcome_only_n"": 398, ""outcome_share"": 0.8971119133574007, ""p_exposed"": 0.9252336448598131, ""p_unexposed"": 0.8903803131991052, ""risk_difference"": 0.03485333166070792, ""valid_n"": 554}","{""n"": 107, ""share"": 0.1927927927927928, ""valid_n"": 555}","{""n"": 103, ""share"": 0.18558558558558558, ""valid_n"": 555}"
primary,software_and_coding,2026,1128,540,396,230,422,310,166,0.4787234042553192,0.35106382978723405,0.42592592592592593,0.282312925170068,0.14361300075585792,0.20390070921985815,0.1680624717066546,0.03583823751320356,1.2132435465768798,"{""both_n"": 476, ""excess_joint_share"": 0.00445463004879032, ""exposure_n"": 505, ""exposure_only_n"": 29, ""exposure_share"": 0.44769503546099293, ""independence_product"": 0.41753118555404656, ""joint_share"": 0.4219858156028369, ""lift"": 1.0106689756428116, ""neither_n"": 47, ""outcome_n"": 1052, ""outcome_only_n"": 576, ""outcome_share"": 0.9326241134751773, ""p_exposed"": 0.9425742574257425, ""p_unexposed"": 0.9245585874799358, ""risk_difference"": 0.018015669945806723, ""valid_n"": 1128}","{""n"": 505, ""share"": 0.44769503546099293, ""valid_n"": 1128}","{""n"": 446, ""share"": 0.3953900709219858, ""valid_n"": 1128}"
same_year_version,cybersecurity,all,530,270,218,136,178,134,82,0.5094339622641509,0.41132075471698115,0.5037037037037037,0.3153846153846154,0.18831908831908828,0.25660377358490566,0.20954076183695267,0.04706301174795299,1.2246007475365273,"{""both_n"": 254, ""excess_joint_share"": 0.010640797436810234, ""exposure_n"": 267, ""exposure_only_n"": 13, ""exposure_share"": 0.5037735849056604, ""independence_product"": 0.4686044855820577, ""joint_share"": 0.47924528301886793, ""lift"": 1.022707416945856, ""neither_n"": 24, ""outcome_n"": 493, ""outcome_only_n"": 239, ""outcome_share"": 0.930188679245283, ""p_exposed"": 0.951310861423221, ""p_unexposed"": 0.908745247148289, ""risk_difference"": 0.042565614274931995, ""valid_n"": 530}","{""n"": 267, ""share"": 0.5037735849056604, ""valid_n"": 530}","{""n"": 222, ""share"": 0.4188679245283019, ""valid_n"": 530}"
same_year_version,cybersecurity,2024,39,24,12,7,10,17,5,0.6153846153846154,0.3076923076923077,0.2916666666666667,0.3333333333333333,-0.04166666666666663,0.1794871794871795,0.1893491124260355,-0.00986193293885601,0.9479166666666667,"{""both_n"": 3, ""excess_joint_share"": -0.00986193293885601, ""exposure_n"": 4, ""exposure_only_n"": 1, ""exposure_share"": 0.10256410256410256, ""independence_product"": 0.08678500986193294, ""joint_share"": 0.07692307692307693, ""lift"": 0.8863636363636365, ""neither_n"": 5, ""outcome_n"": 33, ""outcome_only_n"": 30, ""outcome_share"": 0.8461538461538461, ""p_exposed"": 0.75, ""p_unexposed"": 0.8571428571428571, ""risk_difference"": -0.1071428571428571, ""valid_n"": 39}","{""n"": 4, ""share"": 0.10256410256410256, ""valid_n"": 39}","{""n"": 4, ""share"": 0.10256410256410256, ""valid_n"": 39}"
same_year_version,cybersecurity,2025,103,54,42,30,37,24,12,0.5242718446601942,0.4077669902912621,0.5555555555555556,0.24489795918367346,0.3106575963718821,0.2912621359223301,0.2137807521915355,0.07748138373079458,1.3624338624338623,"{""both_n"": 34, ""excess_joint_share"": 0.02243378263738338, ""exposure_n"": 34, ""exposure_only_n"": 0, ""exposure_share"": 0.3300970873786408, ""independence_product"": 0.3076633047412574, ""joint_share"": 0.3300970873786408, ""lift"": 1.0729166666666667, ""neither_n"": 7, ""outcome_n"": 96, ""outcome_only_n"": 62, ""outcome_share"": 0.9320388349514563, ""p_exposed"": 1.0, ""p_unexposed"": 0.8985507246376812, ""risk_difference"": 0.10144927536231885, ""valid_n"": 103}","{""n"": 34, ""share"": 0.3300970873786408, ""valid_n"": 103}","{""n"": 36, ""share"": 0.34951456310679613, ""valid_n"": 103}"
same_year_version,cybersecurity,2026,388,192,164,99,131,93,65,0.4948453608247423,0.422680412371134,0.515625,0.33163265306122447,0.18399234693877553,0.2551546391752577,0.20916144117334468,0.04599319800191304,1.2198932926829267,"{""both_n"": 217, ""excess_joint_share"": 0.005579764055691383, ""exposure_n"": 229, ""exposure_only_n"": 12, ""exposure_share"": 0.5902061855670103, ""independence_product"": 0.5536985864597725, ""joint_share"": 0.5592783505154639, ""lift"": 1.010077258985556, ""neither_n"": 12, ""outcome_n"": 364, ""outcome_only_n"": 147, ""outcome_share"": 0.9381443298969072, ""p_exposed"": 0.9475982532751092, ""p_unexposed"": 0.9245283018867925, ""risk_difference"": 0.02306995138831669, ""valid_n"": 388}","{""n"": 229, ""share"": 0.5902061855670103, ""valid_n"": 388}","{""n"": 182, ""share"": 0.4690721649484536, ""valid_n"": 388}"
same_year_version,education,all,236,127,117,79,71,48,38,0.538135593220339,0.4957627118644068,0.6220472440944882,0.3486238532110092,0.273423390883479,0.3347457627118644,0.2667875610456765,0.06795820166618788,1.2547277744128138,"{""both_n"": 29, ""excess_joint_share"": 0.024220769893708707, ""exposure_n"": 35, ""exposure_only_n"": 6, ""exposure_share"": 0.1483050847457627, ""independence_product"": 0.09866058603849469, ""joint_share"": 0.1228813559322034, ""lift"": 1.2454959053685168, ""neither_n"": 73, ""outcome_n"": 157, ""outcome_only_n"": 128, ""outcome_share"": 0.6652542372881356, ""p_exposed"": 0.8285714285714286, ""p_unexposed"": 0.6368159203980099, ""risk_difference"": 0.1917555081734187, ""valid_n"": 236}","{""n"": 35, ""share"": 0.1483050847457627, ""valid_n"": 236}","{""n"": 47, ""share"": 0.19915254237288135, ""valid_n"": 236}"
same_year_version,education,2024,30,12,12,7,13,5,5,0.4,0.4,0.5833333333333334,0.2777777777777778,0.3055555555555556,0.23333333333333334,0.16,0.07333333333333333,1.4583333333333333,"{""both_n"": 1, ""excess_joint_share"": 0.01111111111111111, ""exposure_n"": 1, ""exposure_only_n"": 0, ""exposure_share"": 0.03333333333333333, ""independence_product"": 0.022222222222222223, ""joint_share"": 0.03333333333333333, ""lift"": 1.5, ""neither_n"": 10, ""outcome_n"": 20, ""outcome_only_n"": 19, ""outcome_share"": 0.6666666666666666, ""p_exposed"": 1.0, ""p_unexposed"": 0.6551724137931034, ""risk_difference"": 0.3448275862068966, ""valid_n"": 30}","{""n"": 1, ""share"": 0.03333333333333333, ""valid_n"": 30}","{""n"": 2, ""share"": 0.06666666666666667, ""valid_n"": 30}"
same_year_version,education,2025,57,28,23,14,20,14,9,0.49122807017543857,0.40350877192982454,0.5,0.3103448275862069,0.1896551724137931,0.24561403508771928,0.1982148353339489,0.04739919975377038,1.2391304347826086,"{""both_n"": 2, ""excess_joint_share"": 0.01538935056940597, ""exposure_n"": 2, ""exposure_only_n"": 0, ""exposure_share"": 0.03508771929824561, ""independence_product"": 0.019698368728839642, ""joint_share"": 0.03508771929824561, ""lift"": 1.78125, ""neither_n"": 25, ""outcome_n"": 32, ""outcome_only_n"": 30, ""outcome_share"": 0.5614035087719298, ""p_exposed"": 1.0, ""p_unexposed"": 0.5454545454545454, ""risk_difference"": 0.4545454545454546, ""valid_n"": 57}","{""n"": 2, ""share"": 0.03508771929824561, ""valid_n"": 57}","{""n"": 8, ""share"": 0.14035087719298245, ""valid_n"": 57}"
same_year_version,education,2026,149,87,82,58,38,29,24,0.5838926174496645,0.5503355704697986,0.6666666666666666,0.3870967741935484,0.27956989247311825,0.38926174496644295,0.32133687671726496,0.06792486824917798,1.2113821138211383,"{""both_n"": 26, ""excess_joint_share"": 0.023152110265303366, ""exposure_n"": 32, ""exposure_only_n"": 6, ""exposure_share"": 0.21476510067114093, ""independence_product"": 0.15134453402999865, ""joint_share"": 0.174496644295302, ""lift"": 1.1529761904761906, ""neither_n"": 38, ""outcome_n"": 105, ""outcome_only_n"": 79, ""outcome_share"": 0.7046979865771812, ""p_exposed"": 0.8125, ""p_unexposed"": 0.6752136752136753, ""risk_difference"": 0.13728632478632474, ""valid_n"": 149}","{""n"": 32, ""share"": 0.21476510067114093, ""valid_n"": 149}","{""n"": 37, ""share"": 0.2483221476510067, ""valid_n"": 149}"
same_year_version,engineering,all,725,304,209,110,322,194,99,0.4193103448275862,0.2882758620689655,0.3618421052631579,0.23515439429928742,0.1266877109638705,0.15172413793103448,0.12087705112960762,0.030847086801426865,1.2551939058171744,"{""both_n"": 149, ""excess_joint_share"": 0.004583115338882282, ""exposure_n"": 164, ""exposure_only_n"": 15, ""exposure_share"": 0.22620689655172413, ""independence_product"": 0.20093412604042807, ""joint_share"": 0.20551724137931035, ""lift"": 1.0228090440842297, ""neither_n"": 66, ""outcome_n"": 644, ""outcome_only_n"": 495, ""outcome_share"": 0.8882758620689655, ""p_exposed"": 0.9085365853658537, ""p_unexposed"": 0.8823529411764706, ""risk_difference"": 0.026183644189383126, ""valid_n"": 725}","{""n"": 164, ""share"": 0.22620689655172413, ""valid_n"": 725}","{""n"": 243, ""share"": 0.3351724137931035, ""valid_n"": 725}"
same_year_version,engineering,2024,45,17,15,8,21,9,7,0.37777777777777777,0.3333333333333333,0.47058823529411764,0.25,0.22058823529411764,0.17777777777777778,0.1259259259259259,0.05185185185185187,1.411764705882353,"{""both_n"": 3, ""excess_joint_share"": 0.00888888888888889, ""exposure_n"": 3, ""exposure_only_n"": 0, ""exposure_share"": 0.06666666666666667, ""independence_product"": 0.057777777777777775, ""joint_share"": 0.06666666666666667, ""lift"": 1.153846153846154, ""neither_n"": 6, ""outcome_n"": 39, ""outcome_only_n"": 36, ""outcome_share"": 0.8666666666666667, ""p_exposed"": 1.0, ""p_unexposed"": 0.8571428571428571, ""risk_difference"": 0.1428571428571429, ""valid_n"": 45}","{""n"": 3, ""share"": 0.06666666666666667, ""valid_n"": 45}","{""n"": 8, ""share"": 0.17777777777777778, ""valid_n"": 45}"
same_year_version,engineering,2025,171,72,39,21,81,51,18,0.42105263157894735,0.22807017543859648,0.2916666666666667,0.18181818181818182,0.10984848484848486,0.12280701754385964,0.09602954755309326,0.026777469990766384,1.2788461538461537,"{""both_n"": 13, ""excess_joint_share"": 0.010669949728121464, ""exposure_n"": 13, ""exposure_only_n"": 0, ""exposure_share"": 0.07602339181286549, ""independence_product"": 0.06535344208474403, ""joint_share"": 0.07602339181286549, ""lift"": 1.1632653061224487, ""neither_n"": 24, ""outcome_n"": 147, ""outcome_only_n"": 134, ""outcome_share"": 0.8596491228070176, ""p_exposed"": 1.0, ""p_unexposed"": 0.8481012658227848, ""risk_difference"": 0.15189873417721522, ""valid_n"": 171}","{""n"": 13, ""share"": 0.07602339181286549, ""valid_n"": 171}","{""n"": 41, ""share"": 0.23976608187134502, ""valid_n"": 171}"
same_year_version,engineering,2026,509,215,155,81,220,134,74,0.4223968565815324,0.3045186640471513,0.3767441860465116,0.25170068027210885,0.12504350577440276,0.15913555992141454,0.1286277264639244,0.03050783345749014,1.2371792948237061,"{""both_n"": 133, ""excess_joint_share"": -0.0003358023166500357, ""exposure_n"": 148, ""exposure_only_n"": 15, ""exposure_share"": 0.2907662082514735, ""independence_product"": 0.2616324624345282, ""joint_share"": 0.26129666011787817, ""lift"": 0.9987165112710963, ""neither_n"": 36, ""outcome_n"": 458, ""outcome_only_n"": 325, ""outcome_share"": 0.899803536345776, ""p_exposed"": 0.8986486486486487, ""p_unexposed"": 0.9002770083102493, ""risk_difference"": -0.0016283596616005758, ""valid_n"": 509}","{""n"": 148, ""share"": 0.2907662082514735, ""valid_n"": 509}","{""n"": 194, ""share"": 0.381139489194499, ""valid_n"": 509}"
same_year_version,finance_and_business,all,959,493,428,268,306,225,160,0.5140771637122002,0.44629822732012514,0.5436105476673428,0.34334763948497854,0.2002629081823643,0.2794577685088634,0.22943172687051272,0.05002604163835067,1.2180432598434152,"{""both_n"": 347, ""excess_joint_share"": 0.04317667722856855, ""exposure_n"": 400, ""exposure_only_n"": 53, ""exposure_share"": 0.4175365344467641, ""independence_product"": 0.3190362664039993, ""joint_share"": 0.36221294363256784, ""lift"": 1.1353346994535518, ""neither_n"": 173, ""outcome_n"": 732, ""outcome_only_n"": 385, ""outcome_share"": 0.7640918580375783, ""p_exposed"": 0.8675, ""p_unexposed"": 0.6899641577060932, ""risk_difference"": 0.17753584229390684, ""valid_n"": 958}","{""n"": 400, ""share"": 0.4171011470281543, ""valid_n"": 959}","{""n"": 348, ""share"": 0.36287799791449427, ""valid_n"": 959}"
same_year_version,finance_and_business,2024,85,40,23,15,37,25,8,0.47058823529411764,0.27058823529411763,0.375,0.17777777777777778,0.19722222222222222,0.17647058823529413,0.1273356401384083,0.04913494809688582,1.3858695652173914,"{""both_n"": 18, ""excess_joint_share"": 0.05660899653979237, ""exposure_n"": 19, ""exposure_only_n"": 1, ""exposure_share"": 0.2235294117647059, ""independence_product"": 0.15515570934256057, ""joint_share"": 0.21176470588235294, ""lift"": 1.3648528099910793, ""neither_n"": 25, ""outcome_n"": 59, ""outcome_only_n"": 41, ""outcome_share"": 0.6941176470588235, ""p_exposed"": 0.9473684210526315, ""p_unexposed"": 0.6212121212121212, ""risk_difference"": 0.3261562998405103, ""valid_n"": 85}","{""n"": 19, ""share"": 0.2235294117647059, ""valid_n"": 85}","{""n"": 16, ""share"": 0.18823529411764706, ""valid_n"": 85}"
same_year_version,finance_and_business,2025,207,106,81,54,74,52,27,0.5120772946859904,0.391304347826087,0.5094339622641509,0.26732673267326734,0.2421072295908836,0.2608695652173913,0.2003780718336484,0.060491493383742906,1.3018867924528301,"{""both_n"": 41, ""excess_joint_share"": 0.024901397932273778, ""exposure_n"": 53, ""exposure_only_n"": 12, ""exposure_share"": 0.2560386473429952, ""independence_product"": 0.17316623491796776, ""joint_share"": 0.19806763285024154, ""lift"": 1.1438005390835577, ""neither_n"": 55, ""outcome_n"": 140, ""outcome_only_n"": 99, ""outcome_share"": 0.6763285024154589, ""p_exposed"": 0.7735849056603774, ""p_unexposed"": 0.6428571428571429, ""risk_difference"": 0.1307277628032345, ""valid_n"": 207}","{""n"": 53, ""share"": 0.2560386473429952, ""valid_n"": 207}","{""n"": 47, ""share"": 0.22705314009661837, ""valid_n"": 207}"
same_year_version,finance_and_business,2026,667,347,324,199,195,148,125,0.52023988005997,0.48575712143928035,0.5734870317002881,0.390625,0.18286203170028814,0.2983508245877061,0.2527102265958475,0.0456405979918586,1.180604475753371,"{""both_n"": 288, ""excess_joint_share"": 0.038290542795047344, ""exposure_n"": 328, ""exposure_only_n"": 40, ""exposure_share"": 0.4924924924924925, ""independence_product"": 0.3941418896373851, ""joint_share"": 0.43243243243243246, ""lift"": 1.0971491328421727, ""neither_n"": 93, ""outcome_n"": 533, ""outcome_only_n"": 245, ""outcome_share"": 0.8003003003003003, ""p_exposed"": 0.8780487804878049, ""p_unexposed"": 0.7248520710059172, ""risk_difference"": 0.15319670948188768, ""valid_n"": 666}","{""n"": 328, ""share"": 0.4917541229385307, ""valid_n"": 667}","{""n"": 285, ""share"": 0.4272863568215892, ""valid_n"": 667}"
same_year_version,general_or_cross_domain,all,4027,2347,1721,1184,1143,1163,537,0.582815992053638,0.4273652843307673,0.5044737963357477,0.3196428571428571,0.18483093919289062,0.29401539607648375,0.2490753221565212,0.04494007391996255,1.1804276454642977,"{""both_n"": 828, ""excess_joint_share"": 0.010121523089386991, ""exposure_n"": 953, ""exposure_only_n"": 125, ""exposure_share"": 0.23677018633540373, ""independence_product"": 0.19559276262489872, ""joint_share"": 0.2057142857142857, ""lift"": 1.0517479427845584, ""neither_n"": 575, ""outcome_n"": 3325, ""outcome_only_n"": 2497, ""outcome_share"": 0.8260869565217391, ""p_exposed"": 0.8688352570828961, ""p_unexposed"": 0.8128255208333334, ""risk_difference"": 0.056009736249562736, ""valid_n"": 4025}","{""n"": 953, ""share"": 0.23641776234185066, ""valid_n"": 4031}","{""n"": 976, ""share"": 0.2421836228287841, ""valid_n"": 4030}"
same_year_version,general_or_cross_domain,2024,616,348,203,139,204,209,64,0.564935064935065,0.32954545454545453,0.3994252873563218,0.23880597014925373,0.1606193172070681,0.22564935064935066,0.18617178276269186,0.03947756788665879,1.2120491478398732,"{""both_n"": 70, ""excess_joint_share"": 0.010808381254544253, ""exposure_n"": 77, ""exposure_only_n"": 7, ""exposure_share"": 0.12520325203252033, ""independence_product"": 0.10301275695683786, ""joint_share"": 0.11382113821138211, ""lift"": 1.1049227452389507, ""neither_n"": 102, ""outcome_n"": 506, ""outcome_only_n"": 436, ""outcome_share"": 0.8227642276422764, ""p_exposed"": 0.9090909090909091, ""p_unexposed"": 0.8104089219330854, ""risk_difference"": 0.09868198715782361, ""valid_n"": 615}","{""n"": 77, ""share"": 0.12459546925566344, ""valid_n"": 618}","{""n"": 75, ""share"": 0.12135922330097088, ""valid_n"": 618}"
same_year_version,general_or_cross_domain,2025,1174,703,493,343,321,360,150,0.5988074957410562,0.4199318568994889,0.4879089615931721,0.3184713375796178,0.16943762401355428,0.2921635434412266,0.2514583436118745,0.04070519982935206,1.1618765130028075,"{""both_n"": 143, ""excess_joint_share"": 0.008295486176975703, ""exposure_n"": 169, ""exposure_only_n"": 26, ""exposure_share"": 0.14407502131287298, ""independence_product"": 0.11361414724160912, ""joint_share"": 0.12190963341858482, ""lift"": 1.073014553014553, ""neither_n"": 222, ""outcome_n"": 925, ""outcome_only_n"": 782, ""outcome_share"": 0.7885763000852515, ""p_exposed"": 0.8461538461538461, ""p_unexposed"": 0.7788844621513944, ""risk_difference"": 0.06726938400245175, ""valid_n"": 1173}","{""n"": 169, ""share"": 0.14370748299319727, ""valid_n"": 1176}","{""n"": 196, ""share"": 0.16666666666666666, ""valid_n"": 1176}"
same_year_version,general_or_cross_domain,2026,2237,1296,1025,702,618,594,323,0.5793473401877515,0.45820295037997316,0.5416666666666666,0.3432518597236982,0.19841480694296842,0.3138131426016987,0.26545866056881773,0.04835448203288095,1.1821544715447154,"{""both_n"": 615, ""excess_joint_share"": 0.007333285506544662, ""exposure_n"": 707, ""exposure_only_n"": 92, ""exposure_share"": 0.31604827894501564, ""independence_product"": 0.26758848472143926, ""joint_share"": 0.2749217702279839, ""lift"": 1.0274050862621336, ""neither_n"": 251, ""outcome_n"": 1894, ""outcome_only_n"": 1279, ""outcome_share"": 0.8466696468484578, ""p_exposed"": 0.8698727015558698, ""p_unexposed"": 0.8359477124183007, ""risk_difference"": 0.03392498913756914, ""valid_n"": 2237}","{""n"": 707, ""share"": 0.31604827894501564, ""valid_n"": 2237}","{""n"": 705, ""share"": 0.3152951699463327, ""valid_n"": 2236}"
same_year_version,healthcare_biomedicine,all,1149,636,541,350,322,286,191,0.5535248041775457,0.47084421235857266,0.550314465408805,0.3723196881091618,0.17799477729964325,0.30461270670147955,0.2606239504439097,0.04398875625756987,1.1687824782896803,"{""both_n"": 217, ""excess_joint_share"": 0.026841587901701325, ""exposure_n"": 236, ""exposure_only_n"": 19, ""exposure_share"": 0.20521739130434782, ""independence_product"": 0.16185406427221172, ""joint_share"": 0.18869565217391304, ""lift"": 1.165838207538355, ""neither_n"": 224, ""outcome_n"": 907, ""outcome_only_n"": 690, ""outcome_share"": 0.788695652173913, ""p_exposed"": 0.9194915254237288, ""p_unexposed"": 0.7549234135667396, ""risk_difference"": 0.16456811185698916, ""valid_n"": 1150}","{""n"": 236, ""share"": 0.20521739130434782, ""valid_n"": 1150}","{""n"": 256, ""share"": 0.22260869565217392, ""valid_n"": 1150}"
same_year_version,healthcare_biomedicine,2024,135,60,37,25,63,35,12,0.4444444444444444,0.2740740740740741,0.4166666666666667,0.16,0.2566666666666667,0.18518518518518517,0.12181069958847737,0.0633744855967078,1.5202702702702702,"{""both_n"": 6, ""excess_joint_share"": 0.007028546712802772, ""exposure_n"": 7, ""exposure_only_n"": 1, ""exposure_share"": 0.051470588235294115, ""independence_product"": 0.03708910034602076, ""joint_share"": 0.04411764705882353, ""lift"": 1.1895043731778427, ""neither_n"": 37, ""outcome_n"": 98, ""outcome_only_n"": 92, ""outcome_share"": 0.7205882352941176, ""p_exposed"": 0.8571428571428571, ""p_unexposed"": 0.7131782945736435, ""risk_difference"": 0.14396456256921364, ""valid_n"": 136}","{""n"": 7, ""share"": 0.051470588235294115, ""valid_n"": 136}","{""n"": 11, ""share"": 0.08088235294117647, ""valid_n"": 136}"
same_year_version,healthcare_biomedicine,2025,278,157,111,69,79,88,42,0.564748201438849,0.39928057553956836,0.4394904458598726,0.34710743801652894,0.09238300784334369,0.24820143884892087,0.22549298690543967,0.0227084519434812,1.100705801342744,"{""both_n"": 26, ""excess_joint_share"": 0.025904456291082248, ""exposure_n"": 26, ""exposure_only_n"": 0, ""exposure_share"": 0.09352517985611511, ""independence_product"": 0.06762072356503286, ""joint_share"": 0.09352517985611511, ""lift"": 1.383084577114428, ""neither_n"": 77, ""outcome_n"": 201, ""outcome_only_n"": 175, ""outcome_share"": 0.7230215827338129, ""p_exposed"": 1.0, ""p_unexposed"": 0.6944444444444444, ""risk_difference"": 0.3055555555555556, ""valid_n"": 278}","{""n"": 26, ""share"": 0.09352517985611511, ""valid_n"": 278}","{""n"": 36, ""share"": 0.12949640287769784, ""valid_n"": 278}"
same_year_version,healthcare_biomedicine,2026,736,419,393,256,180,163,137,0.5692934782608695,0.5339673913043478,0.6109785202863962,0.43217665615141954,0.17880186413497667,0.34782608695652173,0.30398415347353497,0.04384193348298676,1.1442244044040397,"{""both_n"": 185, ""excess_joint_share"": 0.02351134215500944, ""exposure_n"": 203, ""exposure_only_n"": 18, ""exposure_share"": 0.2758152173913043, ""independence_product"": 0.22784735349716445, ""joint_share"": 0.2513586956521739, ""lift"": 1.1031890070002592, ""neither_n"": 110, ""outcome_n"": 608, ""outcome_only_n"": 423, ""outcome_share"": 0.8260869565217391, ""p_exposed"": 0.9113300492610837, ""p_unexposed"": 0.7936210131332082, ""risk_difference"": 0.11770903612787553, ""valid_n"": 736}","{""n"": 203, ""share"": 0.2758152173913043, ""valid_n"": 736}","{""n"": 209, ""share"": 0.28396739130434784, ""valid_n"": 736}"
same_year_version,language_and_communication,all,1379,722,530,331,458,391,199,0.52356780275562,0.3843364757070341,0.4584487534626039,0.3028919330289193,0.15555682043368457,0.24002900652646847,0.20122620410477057,0.038802802421697896,1.1928317566508126,"{""both_n"": 48, ""excess_joint_share"": 0.011837604560711815, ""exposure_n"": 59, ""exposure_only_n"": 11, ""exposure_share"": 0.043065693430656936, ""independence_product"": 0.02319889178965315, ""joint_share"": 0.035036496350364967, ""lift"": 1.5102659501171285, ""neither_n"": 621, ""outcome_n"": 738, ""outcome_only_n"": 690, ""outcome_share"": 0.5386861313868613, ""p_exposed"": 0.8135593220338984, ""p_unexposed"": 0.5263157894736842, ""risk_difference"": 0.2872435325602142, ""valid_n"": 1370}","{""n"": 59, ""share"": 0.042722664735698766, ""valid_n"": 1381}","{""n"": 127, ""share"": 0.09196234612599566, ""valid_n"": 1381}"
same_year_version,language_and_communication,2024,280,126,59,37,132,89,22,0.45,0.21071428571428572,0.29365079365079366,0.14285714285714285,0.1507936507936508,0.13214285714285715,0.09482142857142857,0.037321428571428575,1.393596986817326,"{""both_n"": 5, ""excess_joint_share"": 0.0033624835459865245, ""exposure_n"": 7, ""exposure_only_n"": 2, ""exposure_share"": 0.02527075812274368, ""independence_product"": 0.014688057970258963, ""joint_share"": 0.018050541516245487, ""lift"": 1.2289263531499557, ""neither_n"": 114, ""outcome_n"": 161, ""outcome_only_n"": 156, ""outcome_share"": 0.5812274368231047, ""p_exposed"": 0.7142857142857143, ""p_unexposed"": 0.5777777777777777, ""risk_difference"": 0.13650793650793658, ""valid_n"": 277}","{""n"": 7, ""share"": 0.02491103202846975, ""valid_n"": 281}","{""n"": 12, ""share"": 0.042704626334519574, ""valid_n"": 281}"
same_year_version,language_and_communication,2025,452,239,176,109,146,130,67,0.5287610619469026,0.3893805309734513,0.4560669456066946,0.3145539906103286,0.14151295499636596,0.2411504424778761,0.20588926305897096,0.035261179418905136,1.1712628375808292,"{""both_n"": 10, ""excess_joint_share"": 0.009518143961927426, ""exposure_n"": 11, ""exposure_only_n"": 1, ""exposure_share"": 0.024390243902439025, ""independence_product"": 0.01265480504028987, ""joint_share"": 0.022172949002217297, ""lift"": 1.7521367521367524, ""neither_n"": 216, ""outcome_n"": 234, ""outcome_only_n"": 224, ""outcome_share"": 0.5188470066518847, ""p_exposed"": 0.9090909090909091, ""p_unexposed"": 0.509090909090909, ""risk_difference"": 0.4, ""valid_n"": 451}","{""n"": 11, ""share"": 0.024282560706401765, ""valid_n"": 453}","{""n"": 33, ""share"": 0.0728476821192053, ""valid_n"": 453}"
same_year_version,language_and_communication,2026,647,357,295,185,180,172,110,0.5517774343122102,0.4559505409582689,0.5182072829131653,0.3793103448275862,0.13889693808557912,0.28593508500772796,0.25158321966321795,0.03435186534451001,1.136542752694298,"{""both_n"": 33, ""excess_joint_share"": 0.017281955726361348, ""exposure_n"": 41, ""exposure_only_n"": 8, ""exposure_share"": 0.06386292834890965, ""independence_product"": 0.034119913432517156, ""joint_share"": 0.0514018691588785, ""lift"": 1.5065064353267439, ""neither_n"": 291, ""outcome_n"": 343, ""outcome_only_n"": 310, ""outcome_share"": 0.5342679127725857, ""p_exposed"": 0.8048780487804879, ""p_unexposed"": 0.5158069883527454, ""risk_difference"": 0.28907106042774244, ""valid_n"": 642}","{""n"": 41, ""share"": 0.0633693972179289, ""valid_n"": 647}","{""n"": 82, ""share"": 0.1267387944358578, ""valid_n"": 647}"
same_year_version,law_and_public_policy,all,341,174,169,97,95,77,72,0.5102639296187683,0.49560117302052786,0.5574712643678161,0.4311377245508982,0.12633353981691792,0.2844574780058651,0.25288740206912563,0.031570075936739495,1.1248384683397947,"{""both_n"": 48, ""excess_joint_share"": 0.03962757771622037, ""exposure_n"": 63, ""exposure_only_n"": 15, ""exposure_share"": 0.18421052631578946, ""independence_product"": 0.10072329947676208, ""joint_share"": 0.14035087719298245, ""lift"": 1.3934300993124522, ""neither_n"": 140, ""outcome_n"": 187, ""outcome_only_n"": 139, ""outcome_share"": 0.5467836257309941, ""p_exposed"": 0.7619047619047619, ""p_unexposed"": 0.4982078853046595, ""risk_difference"": 0.2636968766001024, ""valid_n"": 342}","{""n"": 63, ""share"": 0.18421052631578946, ""valid_n"": 342}","{""n"": 62, ""share"": 0.18128654970760233, ""valid_n"": 342}"
same_year_version,law_and_public_policy,2024,36,20,12,10,14,10,2,0.5555555555555556,0.3333333333333333,0.5,0.125,0.375,0.2777777777777778,0.18518518518518517,0.09259259259259262,1.5000000000000002,"{""both_n"": 1, ""excess_joint_share"": 0.015339663988312638, ""exposure_n"": 1, ""exposure_only_n"": 0, ""exposure_share"": 0.02702702702702703, ""independence_product"": 0.01168736303871439, ""joint_share"": 0.02702702702702703, ""lift"": 2.3125, ""neither_n"": 21, ""outcome_n"": 16, ""outcome_only_n"": 15, ""outcome_share"": 0.43243243243243246, ""p_exposed"": 1.0, ""p_unexposed"": 0.4166666666666667, ""risk_difference"": 0.5833333333333333, ""valid_n"": 37}","{""n"": 1, ""share"": 0.02702702702702703, ""valid_n"": 37}","{""n"": 1, ""share"": 0.02702702702702703, ""valid_n"": 37}"
same_year_version,law_and_public_policy,2025,86,39,39,19,27,20,20,0.45348837209302323,0.45348837209302323,0.48717948717948717,0.425531914893617,0.061647572285870145,0.22093023255813954,0.20565170362358032,0.015278528934559221,1.074293228139382,"{""both_n"": 3, ""excess_joint_share"": 0.014332071389940509, ""exposure_n"": 4, ""exposure_only_n"": 1, ""exposure_share"": 0.046511627906976744, ""independence_product"": 0.02055164954029205, ""joint_share"": 0.03488372093023256, ""lift"": 1.6973684210526316, ""neither_n"": 47, ""outcome_n"": 38, ""outcome_only_n"": 35, ""outcome_share"": 0.4418604651162791, ""p_exposed"": 0.75, ""p_unexposed"": 0.4268292682926829, ""risk_difference"": 0.3231707317073171, ""valid_n"": 86}","{""n"": 4, ""share"": 0.046511627906976744, ""valid_n"": 86}","{""n"": 9, ""share"": 0.10465116279069768, ""valid_n"": 86}"
same_year_version,law_and_public_policy,2026,219,115,118,68,54,47,50,0.5251141552511416,0.5388127853881278,0.591304347826087,0.4807692307692308,0.1105351170568562,0.3105022831050228,0.2829382206376014,0.027564062467421435,1.0974207811348562,"{""both_n"": 44, ""excess_joint_share"": 0.04007422697608473, ""exposure_n"": 58, ""exposure_only_n"": 14, ""exposure_share"": 0.2648401826484018, ""independence_product"": 0.16083901503304768, ""joint_share"": 0.2009132420091324, ""lift"": 1.2491573761991184, ""neither_n"": 72, ""outcome_n"": 133, ""outcome_only_n"": 89, ""outcome_share"": 0.6073059360730594, ""p_exposed"": 0.7586206896551724, ""p_unexposed"": 0.5527950310559007, ""risk_difference"": 0.2058256585992717, ""valid_n"": 219}","{""n"": 58, ""share"": 0.2648401826484018, ""valid_n"": 219}","{""n"": 52, ""share"": 0.2374429223744292, ""valid_n"": 219}"
same_year_version,mathematics_and_formal_reasoning,all,1020,440,314,162,428,278,152,0.43137254901960786,0.307843137254902,0.36818181818181817,0.2620689655172414,0.10611285266457676,0.1588235294117647,0.13279507881584007,0.026028450595924624,1.1960046323103646,"{""both_n"": 115, ""excess_joint_share"": 0.011977529972716616, ""exposure_n"": 129, ""exposure_only_n"": 14, ""exposure_share"": 0.12659470068694798, ""independence_product"": 0.1008782109497564, ""joint_share"": 0.11285574092247301, ""lift"": 1.1187325772329781, ""neither_n"": 193, ""outcome_n"": 812, ""outcome_only_n"": 697, ""outcome_share"": 0.7968596663395485, ""p_exposed"": 0.8914728682170543, ""p_unexposed"": 0.7831460674157303, ""risk_difference"": 0.10832680080132395, ""valid_n"": 1019}","{""n"": 129, ""share"": 0.1264705882352941, ""valid_n"": 1020}","{""n"": 157, ""share"": 0.153921568627451, ""valid_n"": 1020}"
same_year_version,mathematics_and_formal_reasoning,2024,165,70,27,13,81,57,14,0.42424242424242425,0.16363636363636364,0.18571428571428572,0.14736842105263157,0.038345864661654155,0.07878787878787878,0.06942148760330578,0.009366391184572997,1.1349206349206349,"{""both_n"": 7, ""excess_joint_share"": 0.002424242424242426, ""exposure_n"": 9, ""exposure_only_n"": 2, ""exposure_share"": 0.05454545454545454, ""independence_product"": 0.04, ""joint_share"": 0.04242424242424243, ""lift"": 1.0606060606060606, ""neither_n"": 42, ""outcome_n"": 121, ""outcome_only_n"": 114, ""outcome_share"": 0.7333333333333333, ""p_exposed"": 0.7777777777777778, ""p_unexposed"": 0.7307692307692307, ""risk_difference"": 0.047008547008547064, ""valid_n"": 165}","{""n"": 9, ""share"": 0.05454545454545454, ""valid_n"": 165}","{""n"": 5, ""share"": 0.030303030303030304, ""valid_n"": 165}"
same_year_version,mathematics_and_formal_reasoning,2025,327,134,106,49,136,85,57,0.40978593272171254,0.3241590214067278,0.3656716417910448,0.29533678756476683,0.07033485422627794,0.14984709480122324,0.13283580693731353,0.017011287863909708,1.128062517600676,"{""both_n"": 18, ""excess_joint_share"": 0.006340655949274757, ""exposure_n"": 21, ""exposure_only_n"": 3, ""exposure_share"": 0.06422018348623854, ""independence_product"": 0.048705215610358274, ""joint_share"": 0.05504587155963303, ""lift"": 1.130184331797235, ""neither_n"": 76, ""outcome_n"": 248, ""outcome_only_n"": 230, ""outcome_share"": 0.7584097859327217, ""p_exposed"": 0.8571428571428571, ""p_unexposed"": 0.7516339869281046, ""risk_difference"": 0.10550887021475253, ""valid_n"": 327}","{""n"": 21, ""share"": 0.06422018348623854, ""valid_n"": 327}","{""n"": 32, ""share"": 0.09785932721712538, ""valid_n"": 327}"
same_year_version,mathematics_and_formal_reasoning,2026,528,236,181,100,211,136,81,0.44696969696969696,0.3428030303030303,0.423728813559322,0.2773972602739726,0.1463315532853494,0.1893939393939394,0.1532225665748393,0.0361713728191001,1.2360707931454258,"{""both_n"": 90, ""excess_joint_share"": 0.01286505910437874, ""exposure_n"": 99, ""exposure_only_n"": 9, ""exposure_share"": 0.18785578747628084, ""independence_product"": 0.15791292951042202, ""joint_share"": 0.17077798861480076, ""lift"": 1.0814693207469732, ""neither_n"": 75, ""outcome_n"": 443, ""outcome_only_n"": 353, ""outcome_share"": 0.8406072106261859, ""p_exposed"": 0.9090909090909091, ""p_unexposed"": 0.8247663551401869, ""risk_difference"": 0.08432455395072214, ""valid_n"": 527}","{""n"": 99, ""share"": 0.1875, ""valid_n"": 528}","{""n"": 120, ""share"": 0.22727272727272727, ""valid_n"": 528}"
same_year_version,natural_sciences,all,860,395,372,191,284,204,181,0.45930232558139533,0.4325581395348837,0.4835443037974684,0.38924731182795697,0.09429699196951141,0.22209302325581395,0.1986749594375338,0.023418063818280155,1.1178712399618893,"{""both_n"": 174, ""excess_joint_share"": 0.01899042385147595, ""exposure_n"": 188, ""exposure_only_n"": 14, ""exposure_share"": 0.2183507549361208, ""independence_product"": 0.18310016848301883, ""joint_share"": 0.20209059233449478, ""lift"": 1.1037160370130252, ""neither_n"": 125, ""outcome_n"": 722, ""outcome_only_n"": 548, ""outcome_share"": 0.8385598141695703, ""p_exposed"": 0.925531914893617, ""p_unexposed"": 0.8142644873699851, ""risk_difference"": 0.11126742752363183, ""valid_n"": 861}","{""n"": 188, ""share"": 0.2183507549361208, ""valid_n"": 861}","{""n"": 142, ""share"": 0.16492450638792103, ""valid_n"": 861}"
same_year_version,natural_sciences,2024,91,40,22,13,42,27,9,0.43956043956043955,0.24175824175824176,0.325,0.17647058823529413,0.14852941176470588,0.14285714285714285,0.10626735901461176,0.03658978384253109,1.3443181818181817,"{""both_n"": 9, ""excess_joint_share"": 0.024456521739130432, ""exposure_n"": 9, ""exposure_only_n"": 0, ""exposure_share"": 0.09782608695652174, ""independence_product"": 0.07336956521739131, ""joint_share"": 0.09782608695652174, ""lift"": 1.3333333333333333, ""neither_n"": 23, ""outcome_n"": 69, ""outcome_only_n"": 60, ""outcome_share"": 0.75, ""p_exposed"": 1.0, ""p_unexposed"": 0.7228915662650602, ""risk_difference"": 0.27710843373493976, ""valid_n"": 92}","{""n"": 9, ""share"": 0.09782608695652174, ""valid_n"": 92}","{""n"": 4, ""share"": 0.043478260869565216, ""valid_n"": 92}"
same_year_version,natural_sciences,2025,234,115,104,52,67,63,52,0.49145299145299143,0.4444444444444444,0.45217391304347826,0.4369747899159664,0.015199123127511871,0.2222222222222222,0.2184235517568851,0.003798670465337106,1.017391304347826,"{""both_n"": 16, ""excess_joint_share"": 0.010939440426619922, ""exposure_n"": 17, ""exposure_only_n"": 1, ""exposure_share"": 0.07264957264957266, ""independence_product"": 0.05743662794944846, ""joint_share"": 0.06837606837606838, ""lift"": 1.1904610492845789, ""neither_n"": 48, ""outcome_n"": 185, ""outcome_only_n"": 169, ""outcome_share"": 0.7905982905982906, ""p_exposed"": 0.9411764705882353, ""p_unexposed"": 0.7788018433179723, ""risk_difference"": 0.16237462727026297, ""valid_n"": 234}","{""n"": 17, ""share"": 0.07264957264957266, ""valid_n"": 234}","{""n"": 13, ""share"": 0.05555555555555555, ""valid_n"": 234}"
same_year_version,natural_sciences,2026,535,240,246,126,175,114,120,0.4485981308411215,0.45981308411214955,0.525,0.4067796610169492,0.11822033898305084,0.23551401869158878,0.20627129006900166,0.029242728622587116,1.1417682926829267,"{""both_n"": 149, ""excess_joint_share"": 0.013622150406149003, ""exposure_n"": 162, ""exposure_only_n"": 13, ""exposure_share"": 0.30280373831775703, ""independence_product"": 0.26488252249104727, ""joint_share"": 0.27850467289719627, ""lift"": 1.0514271393901022, ""neither_n"": 54, ""outcome_n"": 468, ""outcome_only_n"": 319, ""outcome_share"": 0.874766355140187, ""p_exposed"": 0.9197530864197531, ""p_unexposed"": 0.8552278820375335, ""risk_difference"": 0.06452520438221954, ""valid_n"": 535}","{""n"": 162, ""share"": 0.30280373831775703, ""valid_n"": 535}","{""n"": 125, ""share"": 0.2336448598130841, ""valid_n"": 535}"
same_year_version,other,all,399,231,152,108,124,123,44,0.5789473684210527,0.38095238095238093,0.4675324675324675,0.2619047619047619,0.2056277056277056,0.2706766917293233,0.22055137844611528,0.05012531328320802,1.2272727272727273,"{""both_n"": 95, ""excess_joint_share"": -0.0074936715221638195, ""exposure_n"": 113, ""exposure_only_n"": 18, ""exposure_share"": 0.2832080200501253, ""independence_product"": 0.2455889096174019, ""joint_share"": 0.23809523809523808, ""lift"": 0.9694869302777636, ""neither_n"": 35, ""outcome_n"": 346, ""outcome_only_n"": 251, ""outcome_share"": 0.8671679197994987, ""p_exposed"": 0.8407079646017699, ""p_unexposed"": 0.8776223776223776, ""risk_difference"": -0.03691441302060772, ""valid_n"": 399}","{""n"": 113, ""share"": 0.2832080200501253, ""valid_n"": 399}","{""n"": 89, ""share"": 0.22305764411027568, ""valid_n"": 399}"
same_year_version,other,2024,31,14,9,5,13,9,4,0.45161290322580644,0.2903225806451613,0.35714285714285715,0.23529411764705882,0.12184873949579833,0.16129032258064516,0.13111342351716962,0.030176899063475537,1.23015873015873,"{""both_n"": 7, ""excess_joint_share"": 0.007284079084287187, ""exposure_n"": 7, ""exposure_only_n"": 0, ""exposure_share"": 0.22580645161290322, ""independence_product"": 0.21852237252861603, ""joint_share"": 0.22580645161290322, ""lift"": 1.0333333333333332, ""neither_n"": 1, ""outcome_n"": 30, ""outcome_only_n"": 23, ""outcome_share"": 0.967741935483871, ""p_exposed"": 1.0, ""p_unexposed"": 0.9583333333333334, ""risk_difference"": 0.04166666666666663, ""valid_n"": 31}","{""n"": 7, ""share"": 0.22580645161290322, ""valid_n"": 31}","{""n"": 5, ""share"": 0.16129032258064516, ""valid_n"": 31}"
same_year_version,other,2025,114,73,43,38,36,35,5,0.6403508771929824,0.37719298245614036,0.5205479452054794,0.12195121951219512,0.3985967256932843,0.3333333333333333,0.2415358571868267,0.0917974761465066,1.3800573431028988,"{""both_n"": 17, ""excess_joint_share"": 0.018313327177593097, ""exposure_n"": 17, ""exposure_only_n"": 0, ""exposure_share"": 0.14912280701754385, ""independence_product"": 0.13080947983995075, ""joint_share"": 0.14912280701754385, ""lift"": 1.14, ""neither_n"": 14, ""outcome_n"": 100, ""outcome_only_n"": 83, ""outcome_share"": 0.8771929824561403, ""p_exposed"": 1.0, ""p_unexposed"": 0.8556701030927835, ""risk_difference"": 0.14432989690721654, ""valid_n"": 114}","{""n"": 17, ""share"": 0.14912280701754385, ""valid_n"": 114}","{""n"": 15, ""share"": 0.13157894736842105, ""valid_n"": 114}"
same_year_version,other,2026,254,144,100,65,75,79,35,0.5669291338582677,0.3937007874015748,0.4513888888888889,0.3181818181818182,0.13320707070707072,0.2559055118110236,0.2232004464008928,0.032705065410130824,1.1465277777777778,"{""both_n"": 71, ""excess_joint_share"": -0.018445036890073763, ""exposure_n"": 89, ""exposure_only_n"": 18, ""exposure_share"": 0.35039370078740156, ""independence_product"": 0.2979725959451919, ""joint_share"": 0.2795275590551181, ""lift"": 0.9380982105701208, ""neither_n"": 20, ""outcome_n"": 216, ""outcome_only_n"": 145, ""outcome_share"": 0.8503937007874016, ""p_exposed"": 0.797752808988764, ""p_unexposed"": 0.8787878787878788, ""risk_difference"": -0.08103506979911479, ""valid_n"": 254}","{""n"": 89, ""share"": 0.35039370078740156, ""valid_n"": 254}","{""n"": 69, ""share"": 0.27165354330708663, ""valid_n"": 254}"
same_year_version,social_sciences_and_humanities,all,1091,573,436,269,351,304,167,0.5252062328139322,0.3996333638863428,0.4694589877835951,0.3223938223938224,0.1470651653897727,0.2465627864344638,0.20988993355350544,0.03667285288095837,1.1747242102566566,"{""both_n"": 90, ""excess_joint_share"": 0.0193284375603434, ""exposure_n"": 104, ""exposure_only_n"": 14, ""exposure_share"": 0.09550045913682277, ""independence_product"": 0.06331619053883016, ""joint_share"": 0.08264462809917356, ""lift"": 1.3052684849776264, ""neither_n"": 353, ""outcome_n"": 722, ""outcome_only_n"": 632, ""outcome_share"": 0.6629935720844812, ""p_exposed"": 0.8653846153846154, ""p_unexposed"": 0.6416243654822334, ""risk_difference"": 0.22376024990238197, ""valid_n"": 1089}","{""n"": 104, ""share"": 0.09532538955087076, ""valid_n"": 1091}","{""n"": 156, ""share"": 0.14298808432630614, ""valid_n"": 1091}"
same_year_version,social_sciences_and_humanities,2024,142,67,38,24,61,43,14,0.47183098591549294,0.2676056338028169,0.3582089552238806,0.18666666666666668,0.1715422885572139,0.16901408450704225,0.12626463003372346,0.04274945447331879,1.3385703063629224,"{""both_n"": 6, ""excess_joint_share"": 0.008926800238048004, ""exposure_n"": 7, ""exposure_only_n"": 1, ""exposure_share"": 0.04929577464788732, ""independence_product"": 0.03332672088871256, ""joint_share"": 0.04225352112676056, ""lift"": 1.2678571428571428, ""neither_n"": 45, ""outcome_n"": 96, ""outcome_only_n"": 90, ""outcome_share"": 0.676056338028169, ""p_exposed"": 0.8571428571428571, ""p_unexposed"": 0.6666666666666666, ""risk_difference"": 0.19047619047619047, ""valid_n"": 142}","{""n"": 7, ""share"": 0.04929577464788732, ""valid_n"": 142}","{""n"": 10, ""share"": 0.07042253521126761, ""valid_n"": 142}"
same_year_version,social_sciences_and_humanities,2025,309,172,116,71,92,101,45,0.5566343042071198,0.37540453074433655,0.4127906976744186,0.3284671532846715,0.0843235443897471,0.2297734627831715,0.2089630397670741,0.020810423016097424,1.0995890136327184,"{""both_n"": 10, ""excess_joint_share"": 0.011595547309833022, ""exposure_n"": 10, ""exposure_only_n"": 0, ""exposure_share"": 0.032467532467532464, ""independence_product"": 0.020871985157699443, ""joint_share"": 0.032467532467532464, ""lift"": 1.5555555555555554, ""neither_n"": 110, ""outcome_n"": 198, ""outcome_only_n"": 188, ""outcome_share"": 0.6428571428571429, ""p_exposed"": 1.0, ""p_unexposed"": 0.6308724832214765, ""risk_difference"": 0.3691275167785235, ""valid_n"": 308}","{""n"": 10, ""share"": 0.032362459546925564, ""valid_n"": 309}","{""n"": 24, ""share"": 0.07766990291262135, ""valid_n"": 309}"
same_year_version,social_sciences_and_humanities,2026,640,334,282,174,198,160,108,0.521875,0.440625,0.5209580838323353,0.35294117647058826,0.16801690736174707,0.271875,0.229951171875,0.04192382812499998,1.1823162186265765,"{""both_n"": 74, ""excess_joint_share"": 0.024612988310667355, ""exposure_n"": 87, ""exposure_only_n"": 13, ""exposure_share"": 0.13615023474178403, ""independence_product"": 0.09119295848119494, ""joint_share"": 0.11580594679186229, ""lift"": 1.2699000966806318, ""neither_n"": 198, ""outcome_n"": 428, ""outcome_only_n"": 354, ""outcome_share"": 0.6697965571205008, ""p_exposed"": 0.8505747126436781, ""p_unexposed"": 0.6413043478260869, ""risk_difference"": 0.2092703648175912, ""valid_n"": 639}","{""n"": 87, ""share"": 0.1359375, ""valid_n"": 640}","{""n"": 122, ""share"": 0.190625, ""valid_n"": 640}"
same_year_version,software_and_coding,all,1802,846,548,326,734,520,222,0.4694783573806881,0.30410654827968925,0.38534278959810875,0.23221757322175732,0.15312521637635143,0.18091009988901222,0.14277144275505943,0.038138657133952786,1.2671308519266278,"{""both_n"": 573, ""excess_joint_share"": 0.008495804508630966, ""exposure_n"": 608, ""exposure_only_n"": 35, ""exposure_share"": 0.3375902276513048, ""independence_product"": 0.3096607751693257, ""joint_share"": 0.3181565796779567, ""lift"": 1.0274358433159168, ""neither_n"": 114, ""outcome_n"": 1652, ""outcome_only_n"": 1079, ""outcome_share"": 0.9172681843420322, ""p_exposed"": 0.9424342105263158, ""p_unexposed"": 0.9044425817267393, ""risk_difference"": 0.037991628799576516, ""valid_n"": 1801}","{""n"": 608, ""share"": 0.3374028856825749, ""valid_n"": 1802}","{""n"": 547, ""share"": 0.3035516093229745, ""valid_n"": 1802}"
same_year_version,software_and_coding,2024,211,85,33,21,114,64,12,0.4028436018957346,0.15639810426540285,0.24705882352941178,0.09523809523809523,0.15182072829131654,0.0995260663507109,0.06300397565193953,0.03652209069877137,1.5796791443850267,"{""both_n"": 18, ""excess_joint_share"": 0.005076256148783723, ""exposure_n"": 19, ""exposure_only_n"": 1, ""exposure_share"": 0.09004739336492891, ""independence_product"": 0.0802318007232542, ""joint_share"": 0.08530805687203792, ""lift"": 1.0632698768197089, ""neither_n"": 22, ""outcome_n"": 188, ""outcome_only_n"": 170, ""outcome_share"": 0.8909952606635071, ""p_exposed"": 0.9473684210526315, ""p_unexposed"": 0.8854166666666666, ""risk_difference"": 0.0619517543859649, ""valid_n"": 211}","{""n"": 19, ""share"": 0.09004739336492891, ""valid_n"": 211}","{""n"": 17, ""share"": 0.08056872037914692, ""valid_n"": 211}"
same_year_version,software_and_coding,2025,463,221,119,75,198,146,44,0.4773218142548596,0.2570194384449244,0.3393665158371041,0.18181818181818182,0.15754833401892226,0.16198704103671707,0.12268098465729653,0.03930605637942054,1.3203924103578084,"{""both_n"": 79, ""excess_joint_share"": 0.008854781582054327, ""exposure_n"": 84, ""exposure_only_n"": 5, ""exposure_share"": 0.18181818181818182, ""independence_product"": 0.16214088941361668, ""joint_share"": 0.170995670995671, ""lift"": 1.054611650485437, ""neither_n"": 45, ""outcome_n"": 412, ""outcome_only_n"": 333, ""outcome_share"": 0.8917748917748918, ""p_exposed"": 0.9404761904761905, ""p_unexposed"": 0.8809523809523809, ""risk_difference"": 0.059523809523809534, ""valid_n"": 462}","{""n"": 84, ""share"": 0.18142548596112312, ""valid_n"": 463}","{""n"": 84, ""share"": 0.18142548596112312, ""valid_n"": 463}"
same_year_version,software_and_coding,2026,1128,540,396,230,422,310,166,0.4787234042553192,0.35106382978723405,0.42592592592592593,0.282312925170068,0.14361300075585792,0.20390070921985815,0.1680624717066546,0.03583823751320356,1.2132435465768798,"{""both_n"": 476, ""excess_joint_share"": 0.00445463004879032, ""exposure_n"": 505, ""exposure_only_n"": 29, ""exposure_share"": 0.44769503546099293, ""independence_product"": 0.41753118555404656, ""joint_share"": 0.4219858156028369, ""lift"": 1.0106689756428116, ""neither_n"": 47, ""outcome_n"": 1052, ""outcome_only_n"": 576, ""outcome_share"": 0.9326241134751773, ""p_exposed"": 0.9425742574257425, ""p_unexposed"": 0.9245585874799358, ""risk_difference"": 0.018015669945806723, ""valid_n"": 1128}","{""n"": 505, ""share"": 0.44769503546099293, ""valid_n"": 1128}","{""n"": 446, ""share"": 0.3953900709219858, ""valid_n"": 1128}"
